,background,replicate,aa_substitutions,count_no_ab,reference_site,selection_ab,count_ab,fsel,fmock,diffsel
77,SN89,R1,D190R,296,190,H2227,90337,5.497645083343572,1.0,8.315700960908442
7,SN89,R1,A193K,132,193,H2227,34360,3.2427307904919846,1.0,8.029320410585086
835,SN89,R1,T214G,324,214,H2227,15978,1.653355989804588,1.0,5.690909374440414
800,SN89,R1,S126H,666,126,H2227,27012,2.4414902258081983,1.0,5.4310303305683245
33,SN89,R1,A259L,96,259,H2227,4183,1.0,2.1360356210655613,5.2683505797226715
76,SN89,R1,D190N,809,190,H2227,28866,5.497645083343572,1.0,5.251290705371722
271,SN89,R1,G143D,215,143,H2227,7274,1.0,1.4274399902522237,5.098944513942088
292,SN89,R1,H208Y,1209,208,H2227,34754,1.8162719947377075,1.0,4.94347917541688
400,SN89,R1,K133.5G,505,133.5,H2227,14272,1.0,1.3656875558918622,4.892632472216324
377,SN89,R1,K219Y,3576,219,H2227,86374,1.2583644640414804,1.0,4.699696697551037
821,SN89,R1,S60G,736,60,H2227,17064,4.129719264278799,1.0,4.628355485057173
53,SN89,R1,A100W,1119,100,H2227,24408,1.4252127849532765,1.0,4.544409570120089
242,SN89,R1,G240D,2064,240,H2227,41638,3.258477524701953,1.0,4.437805180761043
751,SN89,R1,S89I,146,89,H2227,3064,1.5794213205761212,1.0,4.412541093664252
216,SN89,R1,F118V,63,118,H2227,1438,1.0,1.3893550707264446,4.344414673833322
513,SN89,R1,N91G,2684,91,H2227,48885,1.957473041110007,1.0,4.291458909831841
244,SN89,R1,G240H,1242,240,H2227,22680,3.258477524701953,1.0,4.290449066068544
521,SN89,R1,N91W,2093,91,H2227,37555,1.957473041110007,1.0,4.26854725937205
249,SN89,R1,G249W,13,249,H2227,599,1.0,2.3438628158844765,4.172293536613423
80,SN89,R1,D241E,1477,241,H2227,23957,1.47,1.0,4.120184747805088
907,SN89,R1,V202I,6051,202,H2227,91562,8.935694769711164,1.0,4.02758441221749
706,SN89,R1,S261D,2232,261,H2227,31430,1.3128132008084388,1.0,3.9192213964713747
117,SN89,R1,E198P,2206,198,H2227,31017,1.1377986757508876,1.0,3.916899727267803
470,SN89,R1,N171R,170,171,H2227,2450,1.1754080522306856,1.0,3.8829576936661043
752,SN89,R1,S89N,1022,89,H2227,13907,1.5794213205761212,1.0,3.8632589760132285
954,SN89,R1,Y168R,238,168,H2227,3674,1.0,3.569304301646309,3.860075818704523
493,SN89,R1,N68H,98,68,H2227,1417,1.665099882491187,1.0,3.839912583586288
607,SN89,R1,Q226F,864,226,H2227,9564,1.0027504711455204,1.0,3.5627669396040056
114,SN89,R1,E175W,3940,175,H2227,42744,1.510745936001981,1.0,3.545634765778675
499,SN89,R1,N248A,911,248,H2227,9901,1.0,1.4993845901370313,3.529319333261607
882,SN89,R1,T133V,676,133,H2227,7127,1.0,1.0821290408644226,3.486660166301842
184,SN89,R1,E103Y,532,103,H2227,5781,1.0,2.566301898937882,3.485746393161846
636,SN89,R1,R212K,2450,212,H2227,25478,1.0,1.8744159819558563,3.4773448669636156
932,SN89,R1,V223S,3723,223,H2227,37766,2.0804277761500147,1.0,3.448781837459653
811,SN89,R1,S145F,782,145,H2227,7748,1.0,2.814692891074256,3.368837120419678
847,SN89,R1,T242D,387,242,H2227,3844,1.0,1.5635450127666584,3.3681758566790867
465,SN89,R1,N163R,104,163,H2227,1302,1.0,3.4390986601705236,3.354374840784441
677,SN89,R1,S186T,5049,186,H2227,47511,1.416739044611133,1.0,3.3410985890690483
307,SN89,R1,I188S,692,188,H2227,6442,1.2111940988524406,1.0,3.3100142110442015
41,SN89,R1,A84L,1665,84,H2227,14858,1.5051448798156075,1.0,3.2597954596049026
598,SN89,R1,P122R,4929,122,H2227,43780,1.0,1.6463814092644176,3.255791913384615
101,SN89,R1,E173W,423,173,H2227,3836,1.0,1.7999597504528073,3.233882928286428
926,SN89,R1,V223F,2207,223,H2227,18832,2.0804277761500147,1.0,3.197405198838355
412,SN89,R1,L152S,5604,152,H2227,46249,1.1631356396380605,1.0,3.1520242916796954
51,SN89,R1,A100T,1335,100,H2227,11048,1.4252127849532765,1.0,3.1492977661567045
30,SN89,R1,A253T,282,253,H2227,2460,1.0,2.2205223880597016,3.1307818845877007
846,SN89,R1,T242C,326,242,H2227,2758,1.0,1.5635450127666584,3.1276797429268526
193,SN89,R1,E116T,7393,116,H2227,59515,3.0413318555463196,1.0,3.117080029831249
756,SN89,R1,S89T,3832,89,H2227,30591,1.5794213205761212,1.0,3.1032475915526194
239,SN89,R1,G228S,881,228,H2227,6941,2.88,1.0,3.076897404052758
508,SN89,R1,N91-,3312,91,H2227,24729,1.957473041110007,1.0,3.006532703176631
152,SN89,R1,E72C,9474,72,H2227,70415,2.532702837232454,1.0,3.0021242296564976
990,SN89,R1,Y102-,24,102,H2227,264,1.0,1.3073650234741785,2.995066520158683
396,SN89,R1,K123R,257,123,H2227,1978,1.0,1.5236011506827114,2.9777519674341204
688,SN89,R1,S206T,6424,206,H2227,45950,2.5471619147266544,1.0,2.9463661942985366
6,SN89,R1,A193H,18555,193,H2227,132093,3.2427307904919846,1.0,2.9405151274063015
986,SN89,R1,Y98R,6895,98,H2227,48475,2.281495254361879,1.0,2.921505811600547
789,SN89,R1,S125G,2910,125,H2227,20487,1.0,1.2879451953887517,2.9193065754463716
342,SN89,R1,K157A,1640,157,H2227,11585,1.0,2.1137721829625757,2.9126432799051045
418,SN89,R1,L160R,209,160,H2227,1628,1.0,2.746730083234245,2.9016282776991273
156,SN89,R1,E72Q,242,72,H2227,1683,2.532702837232454,1.0,2.870378730987043
518,SN89,R1,N91R,2336,91,H2227,15473,1.957473041110007,1.0,2.8326132476348778
304,SN89,R1,I188L,8776,188,H2227,57654,1.2111940988524406,1.0,2.823783895731056
72,SN89,R1,D190F,187,190,H2227,1222,5.497645083343572,1.0,2.805646090294053
318,SN89,R1,I243F,56,243,H2227,450,1.0,1.5411433926897844,2.7967714990452675
770,SN89,R1,S111K,12277,111,H2227,78936,2.5441414221727494,1.0,2.793305388328693
826,SN89,R1,T197D,2093,197,H2227,13502,1.0,1.7031894601428381,2.7882746489622146
841,SN89,R1,T235I,1483,235,H2227,8877,1.0,1.0410784521730616,2.6824331015132024
746,SN89,R1,S81P,1132,81,H2227,6632,1.151388689020003,1.0,2.649724597650813
996,SN89,R1,Y102T,1387,102,H2227,8093,1.0,1.3073650234741785,2.6423101196433065
769,SN89,R1,S111I,7992,111,H2227,46104,2.5441414221727494,1.0,2.6365450609407186
575,SN89,R1,P87A,1212,87,H2227,6975,1.0,1.7372330547818013,2.6157094778299794
506,SN89,R1,N88D,346,88,H2227,2012,1.0,1.0599630996309963,2.612754190448625
568,SN89,R1,P239M,582,239,H2227,3382,1.0,2.3110343125154285,2.59625676561816
168,SN89,R1,E85D,4354,85,H2227,23502,1.72074120388791,1.0,2.5394363370869613
514,SN89,R1,N91I,5186,91,H2227,27880,1.957473041110007,1.0,2.5340810342747737
556,SN89,R1,P221D,3024,221,H2227,16186,1.0,1.3198949934370898,2.5241813541064118
16,SN89,R1,A218D,3518,218,H2227,18337,1.0,1.5492700729927007,2.48574225314549
887,SN89,R1,V169A,2796,169,H2227,14425,1.176112181353882,1.0,2.4725000268061597
324,SN89,R1,I244G,3411,244,H2227,17409,1.0,1.9214739088917598,2.45366853458471
179,SN89,R1,E90Y,1342,90,H2227,6845,1.0,1.669824955837482,2.4443005749506033
234,SN89,R1,G189P,8935,189,H2227,43468,1.0,1.0019077537854169,2.390475452309418
63,SN89,R1,A137N,17442,137,H2227,80826,1.4292217941789995,1.0,2.3210127261899376
313,SN89,R1,I65T,231,65,H2227,1101,1.0309372156505914,1.0,2.3145005884401333
661,SN89,R1,R149A,5018,149,H2227,22998,1.6373414779895092,1.0,2.3038015625130757
981,SN89,R1,Y98D,4977,98,H2227,22626,2.281495254361879,1.0,2.2924908408264066
744,SN89,R1,S79Y,367,79,H2227,1795,1.0,3.0644992134242264,2.291862233090792
910,SN89,R1,V205A,3017,205,H2227,13406,1.0,1.7534847242522549,2.253779134234463
758,SN89,R1,S110D,1118,110,H2227,4971,1.0,2.1069668309577727,2.237963246086996
206,SN89,R1,F245L,3784,245,H2227,15891,1.931097338680277,1.0,2.1774826540195438
601,SN89,R1,P128A,2244,128,H2227,9191,1.0,1.437672493100276,2.135865622627079
720,SN89,R1,S73R,2564,73,H2227,10541,1.0,3.2870906502135737,2.131957391247499
856,SN89,R1,T86P,7230,86,H2227,28981,1.0560505992941258,1.0,2.1109156112528438
665,SN89,R1,S165F,804,165,H2227,3316,1.0,2.9157826369344013,2.1065377087768606
925,SN89,R1,V223E,3070,223,H2227,12066,2.0804277761500147,1.0,2.0817373335382876
12,SN89,R1,A193T,14615,193,H2227,56905,3.2427307904919846,1.0,2.070204892593473
226,SN89,R1,G159Q,512,159,H2227,2025,1.0,1.1691842900302114,2.067590769359276
667,SN89,R1,S165W,301,165,H2227,1271,1.0,2.9157826369344013,2.0654539839063113
421,SN89,R1,L164A,3501,164,H2227,13471,1.1046569147056746,1.0,2.050428057090163
165,SN89,R1,E78V,13960,78,H2227,53381,1.0,2.339506257453429,2.0422736032937046
460,SN89,R1,N158W,1563,158,H2227,5979,1.0,1.566051611177965,2.03297964832579
961,SN89,R1,Y209T,153,209,H2227,727,1.0,4.527359238699445,2.003638000161031
417,SN89,R1,L160C,188,160,H2227,787,1.0,2.746730083234245,1.996516305141719
991,SN89,R1,Y102E,715,102,H2227,2626,1.0,1.3073650234741785,1.9655507683124114
300,SN89,R1,I188D,2644,188,H2227,9539,1.2111940988524406,1.0,1.9568388772029257
285,SN89,R1,H196S,2466,196,H2227,8805,1.0,1.247752711245143,1.9398610703469596
983,SN89,R1,Y98K,8436,98,H2227,29879,2.281495254361879,1.0,1.9331922846056435
348,SN89,R1,K157S,812,157,H2227,2939,1.0,2.1137721829625757,1.9329829717287075
705,SN89,R1,S261C,10156,261,H2227,35887,1.3128132008084388,1.0,1.9295716852215592
469,SN89,R1,N171Q,1739,171,H2227,6141,1.1754080522306856,1.0,1.924041897172991
628,SN89,R1,R211C,13931,211,H2227,48395,2.76010919638287,1.0,1.9056283967973406
927,SN89,R1,V223I,11689,223,H2227,40315,2.0804277761500147,1.0,1.8949825453334497
651,SN89,R1,R224S,3071,224,H2227,10649,1.0,2.2159106576589,1.8943066634181553
595,SN89,R1,P122M,4937,122,H2227,17003,1.0,1.6463814092644176,1.8894961442832718
444,SN89,R1,L74S,39,74,H2227,186,1.0,1.9214361891219338,1.8607841595249686
319,SN89,R1,I243L,1442,243,H2227,4885,1.0,1.5411433926897844,1.8572652760391828
75,SN89,R1,D190M,1952,190,H2227,6465,5.497645083343572,1.0,1.8417234171558967
337,SN89,R1,I120F,2975,120,H2227,9886,1.2644103945669867,1.0,1.8388365888728806
456,SN89,R1,N158L,1356,158,H2227,4504,1.0,1.566051611177965,1.8278484331055103
310,SN89,R1,I194L,10596,194,H2227,34813,2.041737916593963,1.0,1.8248995192150894
627,SN89,R1,R192T,9483,192,H2227,30963,1.588123833955224,1.0,1.8156738095614668
8,SN89,R1,A193L,11032,193,H2227,35421,3.2427307904919846,1.0,1.7921878045788318
692,SN89,R1,S207T,4438,207,H2227,14214,1.0959845394030492,1.0,1.786538648986612
213,SN89,R1,F99P,119,99,H2227,540,1.0,5.4907407407407405,1.770610832507811
948,SN89,R1,W255R,8418,255,H2227,26445,2.1680981595092024,1.0,1.760218599419536
14,SN89,R1,A193W,543,193,H2227,1696,3.2427307904919846,1.0,1.7533727544533766
950,SN89,R1,W127Y,1565,127,H2227,4904,1.4806763285024154,1.0,1.7522852363654975
709,SN89,R1,S261M,540,261,H2227,1687,1.3128132008084388,1.0,1.7374747848989445
94,SN89,R1,D101R,242,101,H2227,758,1.0,1.397064906924062,1.6944876614449584
211,SN89,R1,F75V,1367,75,H2227,4088,1.0,2.7684700407213496,1.6643872407071727
79,SN89,R1,D241A,3191,241,H2227,9224,1.47,1.0,1.6384962600547677
912,SN89,R1,V205E,996,205,H2227,2906,1.0,1.7534847242522549,1.633966860736694
110,SN89,R1,E175N,6377,175,H2227,18157,1.510745936001981,1.0,1.617842971361757
766,SN89,R1,S111D,17282,111,H2227,48236,2.5441414221727494,1.0,1.5900560354756141
655,SN89,R1,R262L,274,262,H2227,833,1.0,2.9966821499668215,1.5810327743179313
391,SN89,R1,K123G,880,123,H2227,2469,1.0,1.5236011506827114,1.5787823308798778
796,SN89,R1,S126A,4686,126,H2227,12756,2.4414902258081983,1.0,1.5537238870580294
860,SN89,R1,T86Y,141,86,H2227,400,1.0560505992941258,1.0,1.5523905274022067
284,SN89,R1,H196R,206,196,H2227,583,1.0,1.247752711245143,1.5499018933783106
356,SN89,R1,K172G,4672,172,H2227,12502,1.0,1.6044624746450304,1.5256209884044158
495,SN89,R1,N231C,365,231,H2227,1080,1.0,4.4915373765867415,1.5203948378906615
188,SN89,R1,E107L,1759,107,H2227,4649,1.0,2.5750025952455102,1.4936980069640542
45,SN89,R1,A100D,8564,100,H2227,21698,1.4252127849532765,1.0,1.4497997716140616
949,SN89,R1,W255Y,1415,255,H2227,3508,2.1680981595092024,1.0,1.4178794086827846
374,SN89,R1,K219R,1320,219,H2227,3271,1.2583644640414804,1.0,1.4131817808836609
969,SN89,R1,Y233F,1447,233,H2227,3625,1.0,2.8460420349636615,1.4101990366663395
757,SN89,R1,S89V,3746,89,H2227,9212,1.5794213205761212,1.0,1.40611384043517
335,SN89,R1,I83V,3089,83,H2227,7546,1.3739406779661016,1.0,1.3958663400993774
530,SN89,R1,N58P,87351,58,H2227,211515,1.734318311540909,1.0,1.3851363961866383
777,SN89,R1,S113A,1933,113,H2227,4766,1.0,5.7309045226130655,1.3723171176883795
57,SN89,R1,A137E,60684,137,H2227,145259,1.4292217941789995,1.0,1.368474254467459
845,SN89,R1,T235W,16139,235,H2227,38428,1.0,1.0410784521730616,1.360399411024151
473,SN89,R1,N187D,22342,187,H2227,52547,1.0,1.2550950644615184,1.3426692893210148
615,SN89,R1,Q55I,2509,55,H2227,5926,1.0,1.7229472988600694,1.3418761954610248
829,SN89,R1,T197Q,1817,197,H2227,4299,1.0,1.7031894601428381,1.3417044974718801
713,SN89,R1,S261W,6223,261,H2227,14557,1.3128132008084388,1.0,1.3343497747904125
251,SN89,R1,G263E,16209,263,H2227,37559,1.0,4.117348900121022,1.3185396095734503
103,SN89,R1,E175D,8222,175,H2227,18987,1.510745936001981,1.0,1.316172129691392
248,SN89,R1,G249F,16,249,H2227,81,1.0,2.3438628158844765,1.3156490349030074
712,SN89,R1,S261V,2768,261,H2227,6385,1.3128132008084388,1.0,1.3129381134377374
637,SN89,R1,R212M,466,212,H2227,1097,1.0,1.8744159819558563,1.3007357354811802
202,SN89,R1,F213S,473,213,H2227,1113,1.0,2.711691086691087,1.2764249696521226
171,SN89,R1,E85Q,5493,85,H2227,12329,1.72074120388791,1.0,1.2750976007960846
684,SN89,R1,S206E,683,206,H2227,1498,2.5471619147266544,1.0,1.2457250281754366
256,SN89,R1,G263M,2038,263,H2227,4497,1.0,4.117348900121022,1.2256093213599641
558,SN89,R1,P221I,5228,221,H2227,11346,1.0,1.3198949934370898,1.2248431015732841
44,SN89,R1,A100C,701,100,H2227,1522,1.4252127849532765,1.0,1.2208242589024625
659,SN89,R1,R106L,1150,106,H2227,2540,1.0,4.395499224004139,1.2042102432177362
525,SN89,R1,N58C,661,58,H2227,1398,1.734318311540909,1.0,1.1860866434617623
928,SN89,R1,V223L,3385,223,H2227,7059,2.0804277761500147,1.0,1.1696046425674056
965,SN89,R1,Y232V,9577,232,H2227,19812,1.3986645009926006,1.0,1.1575730127957018
872,SN89,R1,T131A,1757,131,H2227,3639,1.0080254447279855,1.0,1.1555768213774862
883,SN89,R1,T133W,1101,133,H2227,2285,1.0,1.0821290408644226,1.154918300124354
682,SN89,R1,S203N,226,203,H2227,786,1.0,16.131034482758622,1.1491378422635785
360,SN89,R1,K172R,6533,172,H2227,13443,1.0,1.6044624746450304,1.1479383393608216
726,SN89,R1,S76E,1009,76,H2227,2094,1.0,1.8082666498645328,1.1439560920800316
528,SN89,R1,N58K,14571,58,H2227,29701,1.734318311540909,1.0,1.1365834246977662
339,SN89,R1,I120M,4255,120,H2227,8627,1.2644103945669867,1.0,1.1277627416566585
379,SN89,R1,K77F,1020,77,H2227,2121,1.0,3.374793136486369,1.1254276222518278
380,SN89,R1,K77L,3543,77,H2227,7159,1.0,3.374793136486369,1.112550271250917
280,SN89,R1,H196L,5453,196,H2227,10943,1.0,1.247752711245143,1.112261296065962
577,SN89,R1,P87E,4662,87,H2227,9353,1.0,1.7372330547818013,1.11002711370261
4,SN89,R1,A193F,3056,193,H2227,6020,3.2427307904919846,1.0,1.0904203602462557
390,SN89,R1,K123F,3209,123,H2227,6247,1.0,1.5236011506827114,1.0658777876647592
519,SN89,R1,N91S,3120,91,H2227,5972,1.957473041110007,1.0,1.0460838095249205
373,SN89,R1,K219P,9325,219,H2227,17856,1.2583644640414804,1.0,1.0460401762473261
608,SN89,R1,Q226G,176,226,H2227,345,1.0027504711455204,1.0,1.0419743499051446
966,SN89,R1,Y233A,3178,233,H2227,6049,1.0,2.8460420349636615,1.0275069996040331
217,SN89,R1,F118Y,1457,118,H2227,2733,1.0,1.3893550707264446,1.0084212621066198
732,SN89,R1,S76M,8029,76,H2227,14857,1.0,1.8082666498645328,0.9949494895558592
623,SN89,R1,R192H,8645,192,H2227,15613,1.588123833955224,1.0,0.961933538739367
120,SN89,R1,E198Y,1226,198,H2227,2205,1.1377986757508876,1.0,0.9518664320565158
221,SN89,R1,G159E,1629,159,H2227,2913,1.0,1.1691842900302114,0.9424975472210089
265,SN89,R1,G57E,7366,57,H2227,12921,1.0,1.0755718303879425,0.9191243194209578
277,SN89,R1,H196D,1601,196,H2227,2811,1.0,1.247752711245143,0.9153878605918895
534,SN89,R1,N58V,1629,58,H2227,2848,1.734318311540909,1.0,0.9152114912741468
361,SN89,R1,K172V,2305,172,H2227,4029,1.0,1.6044624746450304,0.9085906639920769
943,SN89,R1,V135L,20691,135,H2227,36005,1.0,1.1801605801605801,0.9081242763495594
541,SN89,R1,N142L,11324,142,H2227,19337,1.0,1.591932589804032,0.8800658519830385
606,SN89,R1,P128V,5069,128,H2227,8546,1.0,1.437672493100276,0.8605104515043184
582,SN89,R1,P87S,7318,87,H2227,12197,1.0,1.7372330547818013,0.8441378667651174
66,SN89,R1,A137T,106608,137,H2227,176800,1.4292217941789995,1.0,0.8391144388077051
700,SN89,R1,S210Q,17255,210,H2227,28418,1.0,1.832911588015994,0.8281409693824927
309,SN89,R1,I194K,12842,194,H2227,21043,2.041737916593963,1.0,0.8220547911272015
332,SN89,R1,I252V,183,252,H2227,308,1.0,1.2268431001890359,0.8129220067443933
696,SN89,R1,S210G,4119,210,H2227,6726,1.0,1.832911588015994,0.8125669404118124
199,SN89,R1,E124V,330,124,H2227,551,1.0,2.215970961887477,0.7811584311616514
88,SN89,R1,D101F,8532,101,H2227,13452,1.0,1.397064906924062,0.7649362378105284
1000,SN89,R1,L237Q,16,237,H2227,221,1.0,13.204255319148936,0.7516411282206027
289,SN89,R1,H208K,3532,208,H2227,5489,1.8162719947377075,1.0,0.7460614297941226
624,SN89,R1,R192I,658,192,H2227,1020,1.588123833955224,1.0,0.7422633564633528
671,SN89,R1,S167P,1508,167,H2227,2371,1.0,3.1888849806542385,0.7381619228249504
978,SN89,R1,Y256W,4182,256,H2227,6458,1.0,1.9549183794299247,0.7317769722898895
443,SN89,R1,L74F,1370,74,H2227,2120,1.0,1.9214361891219338,0.7259617300830317
874,SN89,R1,T131D,7597,131,H2227,11619,1.0080254447279855,1.0,0.7216834689271551
222,SN89,R1,G159H,2306,159,H2227,3524,1.0,1.1691842900302114,0.7179652928467849
233,SN89,R1,G189M,20714,189,H2227,31344,1.0,1.0019077537854169,0.7066920295269022
150,SN89,R1,E246V,489,246,H2227,854,1.0,9.934505761067314,0.6640180973278086
653,SN89,R1,R262-,3487,262,H2227,5150,1.0,2.9966821499668215,0.6624533435473836
132,SN89,R1,E238L,5335,238,H2227,7771,1.0,2.1149066855657925,0.6481435597736352
172,SN89,R1,E85V,16084,85,H2227,23309,1.72074120388791,1.0,0.6447487231580072
134,SN89,R1,E238R,4412,238,H2227,6410,1.0,2.1149066855657925,0.6436255156160883
985,SN89,R1,Y98N,1687,98,H2227,2418,2.281495254361879,1.0,0.6336757406064063
553,SN89,R1,P215V,1178,215,H2227,1719,1.0,3.228342245989305,0.6240147942173114
626,SN89,R1,R192M,4817,192,H2227,6873,1.588123833955224,1.0,0.6224676337555672
895,SN89,R1,V169S,1675,169,H2227,2384,1.176112181353882,1.0,0.6170753047335218
453,SN89,R1,N158E,9236,158,H2227,13143,1.0,1.566051611177965,0.6169731361019694
964,SN89,R1,Y232N,865,232,H2227,1209,1.3986645009926006,1.0,0.5923854141382892
515,SN89,R1,N91K,21687,91,H2227,30153,1.957473041110007,1.0,0.5850534727171026
930,SN89,R1,V223P,18,223,H2227,18,2.0804277761500147,1.0,0.5800956155856118
634,SN89,R1,R212H,4220,212,H2227,5840,1.0,1.8744159819558563,0.5741756685748313
462,SN89,R1,N163D,49,163,H2227,105,1.0,3.4390986601705236,0.573099508415612
428,SN89,R1,L179P,244,179,H2227,413,1.0,6.4312567132116,0.565794464697943
617,SN89,R1,Q55M,2452,55,H2227,3364,1.0,1.7229472988600694,0.5597698543459403
215,SN89,R1,F115W,1739,115,H2227,2406,1.0,3.4049964813511613,0.5558151150850893
274,SN89,R1,H184D,2626,184,H2227,3597,1.0,2.1299528955389304,0.5556625884931132
471,SN89,R1,N187A,5134,187,H2227,6973,1.0,1.2550950644615184,0.549595990916605
581,SN89,R1,P87R,12400,87,H2227,16822,1.0,1.7372330547818013,0.5482179780307584
936,SN89,R1,V112I,2191,112,H2227,2956,1.0,2.042767900048054,0.5329221816374926
389,SN89,R1,K123E,31677,123,H2227,41964,1.0,1.5236011506827114,0.5147305387958483
43,SN89,R1,A84T,12524,84,H2227,16462,1.5051448798156075,1.0,0.5039389887429435
23,SN89,R1,A218V,4039,218,H2227,5294,1.0,1.5492700729927007,0.4969242663237964
254,SN89,R1,G263K,7537,263,H2227,9776,1.0,4.117348900121022,0.47832112949023503
74,SN89,R1,D190I,5644,190,H2227,7217,5.497645083343572,1.0,0.4722573494696961
333,SN89,R1,I83L,12299,83,H2227,15789,1.3739406779661016,1.0,0.46979370251265107
306,SN89,R1,I188R,12143,188,H2227,15466,1.2111940988524406,1.0,0.45825555413561575
415,SN89,R1,L154I,795,154,H2227,1005,1.0,1.243032786885246,0.4394245637706787
40,SN89,R1,A84K,805,84,H2227,1002,1.5051448798156075,1.0,0.42884848722706725
776,SN89,R1,S111Y,4593,111,H2227,5713,2.5441414221727494,1.0,0.4273742772200941
879,SN89,R1,T133G,4817,133,H2227,5954,1.0,1.0821290408644226,0.4142570445250771
420,SN89,R1,L160V,644,160,H2227,815,1.0,2.746730083234245,0.40648249892850186
494,SN89,R1,N231A,97,231,H2227,164,1.0,4.4915373765867415,0.40352112718735544
801,SN89,R1,S126N,3175,126,H2227,3840,2.4414902258081983,1.0,0.38825015276838853
64,SN89,R1,A137Q,24002,137,H2227,28809,1.4292217941789995,1.0,0.37281012585001994
873,SN89,R1,T131C,9548,131,H2227,11439,1.0080254447279855,1.0,0.3697970141438235
231,SN89,R1,G189K,5908,189,H2227,6980,1.0,1.0019077537854169,0.34952444743475414
21,SN89,R1,A218R,3511,218,H2227,4155,1.0,1.5492700729927007,0.34944734821856915
485,SN89,R1,N199E,1750,199,H2227,2075,1.0,3.787958906179181,0.33123864953696525
395,SN89,R1,K123Q,3889,123,H2227,4535,1.0,1.5236011506827114,0.32860406329076686
39,SN89,R1,A84I,3461,84,H2227,4008,1.5051448798156075,1.0,0.3222666129615604
993,SN89,R1,Y102I,814,102,H2227,939,1.0,1.3073650234741785,0.30774898186659544
663,SN89,R1,R149T,1474,149,H2227,1652,1.6373414779895092,1.0,0.2782740893321954
326,SN89,R1,I244Q,2510,244,H2227,2833,1.0,1.9214739088917598,0.27810209861273977
26,SN89,R1,A247T,2148,247,H2227,2445,1.0,4.528475199020209,0.27209585645055445
844,SN89,R1,T235S,994,235,H2227,1109,1.0,1.0410784521730616,0.26520827987366846
268,SN89,R1,G57R,4348,57,H2227,4840,1.0,1.0755718303879425,0.26341723348051094
447,SN89,R1,L54Q,1879,54,H2227,2107,1.0,4.041286397218601,0.2508056370023235
738,SN89,R1,S79A,1891,79,H2227,2106,1.0,3.0644992134242264,0.2484140956892639
716,SN89,R1,S73F,1635,73,H2227,1821,1.0,3.2870906502135737,0.24404801617799696
87,SN89,R1,D101E,20382,101,H2227,22306,1.0,1.397064906924062,0.23915403279939182
278,SN89,R1,H196F,2921,196,H2227,3171,1.0,1.247752711245143,0.2262231105181446
669,SN89,R1,S167G,3830,167,H2227,4164,1.0,3.1888849806542385,0.22154448046965475
229,SN89,R1,G189E,194,189,H2227,210,1.0,1.0019077537854169,0.21814579995184016
303,SN89,R1,I188K,20738,188,H2227,22342,1.2111940988524406,1.0,0.21690650478672274
690,SN89,R1,S207E,982,207,H2227,1057,1.0959845394030492,1.0,0.2157881400133055
490,SN89,R1,N199T,6448,199,H2227,6933,1.0,3.787958906179181,0.2076977735292524
658,SN89,R1,R106I,794,106,H2227,885,1.0,4.395499224004139,0.20447637498976792
3,SN89,R1,A193E,19570,193,H2227,20830,3.2427307904919846,1.0,0.20079046805836318
868,SN89,R1,T93P,32829,93,H2227,34949,1.0,1.9628781412004748,0.19920970470070673
611,SN89,R1,Q226V,44548,226,H2227,47105,1.0027504711455204,1.0,0.18984898135673917
60,SN89,R1,A137I,6690,137,H2227,6998,1.4292217941789995,1.0,0.17505559041652152
192,SN89,R1,E116N,5115,116,H2227,5309,3.0413318555463196,1.0,0.16840080575720215
549,SN89,R1,P162S,9296,162,H2227,9659,1.0,2.044572201555631,0.16296873294325598
894,SN89,R1,V169R,5215,169,H2227,5386,1.176112181353882,1.0,0.15626992454885638
771,SN89,R1,S111L,5690,111,H2227,5853,2.5441414221727494,1.0,0.15376154821314364
911,SN89,R1,V205C,728,205,H2227,755,1.0,1.7534847242522549,0.14655579363807725
241,SN89,R1,G240A,2860,240,H2227,2906,3.258477524701953,1.0,0.14333441643230246
963,SN89,R1,Y232M,2044,232,H2227,2086,1.3986645009926006,1.0,0.14127565780547874
740,SN89,R1,S79F,1864,79,H2227,1924,1.0,3.0644992134242264,0.13907654823847704
42,SN89,R1,A84R,220,84,H2227,219,1.5051448798156075,1.0,0.13451962445090201
548,SN89,R1,P162L,1786,162,H2227,1792,1.0,2.044572201555631,0.10582681131206233
916,SN89,R1,V205L,3268,205,H2227,3258,1.0,1.7534847242522549,0.10165157298711235
945,SN89,R1,W153L,344,153,H2227,429,1.0,9.811188811188812,0.09945454185662202
537,SN89,R1,N142E,28689,142,H2227,28418,1.0,1.591932589804032,0.09538095678182507
414,SN89,R1,L152W,13,152,H2227,11,1.1631356396380605,1.0,0.08602949796719117
227,SN89,R1,G189A,23929,189,H2227,23458,1.0,1.0019077537854169,0.08067719843029655
933,SN89,R1,V223T,16340,223,H2227,15959,2.0804277761500147,1.0,0.07626584207389282
807,SN89,R1,S140N,4647,140,H2227,4528,1.0,1.8137543630017452,0.06951086959614938
15,SN89,R1,A200G,1773,200,H2227,1726,1.0,1.8568945538818076,0.06391872449176902
516,SN89,R1,N91L,17108,91,H2227,16500,1.957473041110007,1.0,0.057973633408128736
104,SN89,R1,E175F,1730,175,H2227,1652,1.510745936001981,1.0,0.04758738049146453
436,SN89,R1,L251M,2513,251,H2227,2422,1.0,4.071926489226869,0.03899376741788202
750,SN89,R1,S89H,933,89,H2227,879,1.5794213205761212,1.0,0.033623227598348064
890,SN89,R1,V169H,941,169,H2227,888,1.176112181353882,1.0,0.0294365191789796
812,SN89,R1,S145G,6637,145,H2227,6277,1.0,2.814692891074256,0.02514291390409483
764,SN89,R1,S111-,322,111,H2227,286,2.5441414221727494,1.0,0.017067331320941667
28,SN89,R1,A253E,13,253,H2227,23,1.0,2.2205223880597016,0.01606418277799895
1001,SN89,R1,wt,425297,wt,H2227,394253,1.0,1.0787413158555548,0.0
905,SN89,R1,V182I,89170,182,H2227,82575,1.0,1.115493059572007,-0.001508923957115464
102,SN89,R1,E175A,725,175,H2227,665,1.510745936001981,1.0,-0.0026539495203987745
934,SN89,R1,V223W,5490,223,H2227,5064,2.0804277761500147,1.0,-0.003932635426235167
892,SN89,R1,V169N,1482,169,H2227,1363,1.176112181353882,1.0,-0.008726747482678387
288,SN89,R1,H208C,3816,208,H2227,3486,1.8162719947377075,1.0,-0.017450698431346785
717,SN89,R1,S73L,41,73,H2227,57,1.0,3.2870906502135737,-0.03142133283019911
434,SN89,R1,L251A,90,251,H2227,108,1.0,4.071926489226869,-0.03823444170350954
312,SN89,R1,I194V,2837,194,H2227,2527,2.041737916593963,1.0,-0.05109898170623697
464,SN89,R1,N163Q,182,163,H2227,183,1.0,3.4390986601705236,-0.05561055059918886
397,SN89,R1,K123S,1449,123,H2227,1290,1.0,1.5236011506827114,-0.062272453070732176
365,SN89,R1,K174R,1447,174,H2227,1282,1.0,3.6297709923664123,-0.08976664068292574
736,SN89,R1,S76W,4162,76,H2227,3631,1.0,1.8082666498645328,-0.08982304140358646
175,SN89,R1,E90Q,8677,90,H2227,7503,1.0,1.669824955837482,-0.10121192406077444
209,SN89,R1,F75M,495,75,H2227,441,1.0,2.7684700407213496,-0.10340723519055592
279,SN89,R1,H196G,1724,196,H2227,1477,1.0,1.247752711245143,-0.1144044141500364
416,SN89,R1,L154P,7374,154,H2227,6315,1.0,1.243032786885246,-0.1144573171730671
159,SN89,R1,E78A,2424,78,H2227,2077,1.0,2.339506257453429,-0.12042469053538932
296,SN89,R1,H141Y,280,141,H2227,318,1.0,10.576923076923077,-0.124371163605157
962,SN89,R1,Y232G,176,232,H2227,143,1.3986645009926006,1.0,-0.13532910186890415
232,SN89,R1,G189L,47638,189,H2227,39281,1.0,1.0019077537854169,-0.16887101109901356
968,SN89,R1,Y233E,6613,233,H2227,5443,1.0,2.8460420349636615,-0.1750414685453151
472,SN89,R1,N187C,209944,187,H2227,171467,1.0,1.2550950644615184,-0.18272079310550304
614,SN89,R1,Q55F,972,55,H2227,797,1.0,1.7229472988600694,-0.18436575289448728
901,SN89,R1,V178C,5067,178,H2227,4117,1.0,2.033130209427751,-0.1924342924537664
532,SN89,R1,N58S,6284,58,H2227,5071,1.734318311540909,1.0,-0.19746179790840726
998,SN89,R1,F147C,618,147,H2227,501,1.0,3.0778443113772456,-0.23498583716353855
902,SN89,R1,V178L,6285,178,H2227,4955,1.0,2.033130209427751,-0.2353971395234385
504,SN89,R1,N250A,281,250,H2227,236,1.0,3.201570680628272,-0.23815578385580163
459,SN89,R1,N158V,632,158,H2227,499,1.0,1.566051611177965,-0.23820666275504668
880,SN89,R1,T133M,649,133,H2227,504,1.0,1.0821290408644226,-0.2509579102760467
849,SN89,R1,T242I,5523,242,H2227,4248,1.0,1.5635450127666584,-0.2699892440442357
574,SN89,R1,P53G,2039,53,H2227,1561,1.0,2.238949391415759,-0.28254564278968813
650,SN89,R1,R224Q,1340,224,H2227,1020,1.0,2.2159106576589,-0.2938633703171911
154,SN89,R1,E72I,4772,72,H2227,3582,2.532702837232454,1.0,-0.2973937205152742
834,SN89,R1,T214-,44,214,H2227,24,1.653355989804588,1.0,-0.3045201534287029
975,SN89,R1,Y256F,1993,256,H2227,1500,1.0,1.9549183794299247,-0.3050968254334194
531,SN89,R1,N58Q,7499,58,H2227,5579,1.734318311540909,1.0,-0.3148169522033915
452,SN89,R1,N150E,397,150,H2227,302,1.0,2.7119205298013247,-0.3335194408524039
795,SN89,R1,S125W,2966,125,H2227,2174,1.0,1.2879451953887517,-0.33844084431745497
191,SN89,R1,E116L,1265,116,H2227,892,3.0413318555463196,1.0,-0.35774041853016514
994,SN89,R1,Y102K,2215,102,H2227,1595,1.0,1.3073650234741785,-0.36386692466391857
897,SN89,R1,V176A,667,176,H2227,494,1.0,3.292147806004619,-0.36434532125735963
207,SN89,R1,F258W,3863,258,H2227,2794,1.0,3.393447940317872,-0.3654258649236169
805,SN89,R1,S140I,6963,140,H2227,5009,1.0,1.8137543630017452,-0.36668831219011877
240,SN89,R1,G228V,90,228,H2227,43,2.88,1.0,-0.36866676815099003
840,SN89,R1,T235H,10398,235,H2227,7462,1.0,1.0410784521730616,-0.36883577857551225
56,SN89,R1,A137C,39033,137,H2227,27646,1.4292217941789995,1.0,-0.38791694521679027
715,SN89,R1,S73E,4901,73,H2227,3476,1.0,3.2870906502135737,-0.3917235456136766
695,SN89,R1,S210E,15856,210,H2227,11204,1.0,1.832911588015994,-0.3920201192663216
349,SN89,R1,K157W,8605,157,H2227,6075,1.0,2.1137721829625757,-0.39407343242309384
449,SN89,R1,L105M,48352,105,H2227,33989,1.0,1.4655918091147135,-0.39915841166849253
237,SN89,R1,G225A,1139,225,H2227,854,1.0,10.067039106145252,-0.41119955706700234
536,SN89,R1,N58Y,3882,58,H2227,2695,1.734318311540909,1.0,-0.41165257672319805
571,SN89,R1,P239S,5568,239,H2227,3881,1.0,2.3110343125154285,-0.41360309154825775
802,SN89,R1,S126T,583,126,H2227,386,2.4414902258081983,1.0,-0.4216554602420837
267,SN89,R1,G57K,1176,57,H2227,799,1.0,1.0755718303879425,-0.4434625556738811
808,SN89,R1,S140T,268,140,H2227,184,1.0,1.8137543630017452,-0.4512782735845257
411,SN89,R1,L152N,5290,152,H2227,3564,1.1631356396380605,1.0,-0.4584540508330809
813,SN89,R1,S145I,4234,145,H2227,2842,1.0,2.814692891074256,-0.470198516450974
341,SN89,R1,I120Y,1936,120,H2227,1286,1.2644103945669867,1.0,-0.4741689996150868
9,SN89,R1,A193M,4126,193,H2227,2722,3.2427307904919846,1.0,-0.4772195861498854
881,SN89,R1,T133S,9784,133,H2227,6485,1.0,1.0821290408644226,-0.483340584334277
540,SN89,R1,N142K,13043,142,H2227,8647,1.0,1.591932589804032,-0.48373009550855184
281,SN89,R1,H196N,5660,196,H2227,3736,1.0,1.247752711245143,-0.48927341030013904
1,SN89,R1,A62R,338,62,H2227,263,1.0,7.6608187134502925,-0.4932754539456505
580,SN89,R1,P87Q,20262,87,H2227,13246,1.0,1.7372330547818013,-0.5039962102786202
37,SN89,R1,A259W,66,259,H2227,47,1.0,2.1360356210655613,-0.506632009930472
235,SN89,R1,G189Q,11377,189,H2227,7414,1.0,1.0019077537854169,-0.5077751694642629
724,SN89,R1,S76A,2228,76,H2227,1454,1.0,1.8082666498645328,-0.5081217815680913
533,SN89,R1,N58T,2446,58,H2227,1564,1.734318311540909,1.0,-0.5258406610278398
308,SN89,R1,I188T,3663,188,H2227,2339,1.2111940988524406,1.0,-0.5342771195937575
441,SN89,R1,L74A,8821,74,H2227,5597,1.0,1.9214361891219338,-0.5474747530961322
565,SN89,R1,P239H,20693,239,H2227,13129,1.0,2.3110343125154285,-0.5475069250548926
186,SN89,R1,E107D,1787,107,H2227,1126,1.0,2.5750025952455102,-0.5648174601659859
775,SN89,R1,S111W,6708,111,H2227,4152,2.5441414221727494,1.0,-0.576122428003538
46,SN89,R1,A100E,12211,100,H2227,7576,1.4252127849532765,1.0,-0.5778119114657423
825,SN89,R1,T197C,1192,197,H2227,739,1.0,1.7031894601428381,-0.5814445527329556
160,SN89,R1,E78I,369,78,H2227,233,1.0,2.339506257453429,-0.5819588632974559
253,SN89,R1,G263H,11614,263,H2227,7137,1.0,4.117348900121022,-0.5961087710535969
886,SN89,R1,T136S,2242,136,H2227,1382,1.0,3.34994734994735,-0.5995980559494278
294,SN89,R1,H130Y,6426,130,H2227,3938,1.0,3.177610062893082,-0.6004952921642991
564,SN89,R1,P239D,2214,239,H2227,1356,1.0,2.3110343125154285,-0.6022881883092767
742,SN89,R1,S79Q,1962,79,H2227,1195,1.0,3.0644992134242264,-0.616235254241742
141,SN89,R1,E70K,2360,70,H2227,1462,1.0,7.98549186128804,-0.6194344801653635
609,SN89,R1,Q226I,2399,226,H2227,1437,1.0027504711455204,1.0,-0.6259958753475034
997,SN89,R1,Y102V,9687,102,H2227,5773,1.0,1.3073650234741785,-0.636820898687553
563,SN89,R1,P221V,1542,221,H2227,917,1.0,1.3198949934370898,-0.6371007804053722
958,SN89,R1,Y201M,3472,201,H2227,2052,1.0,3.1549413735343386,-0.6553535404422111
838,SN89,R1,T235D,372,235,H2227,213,1.0,1.0410784521730616,-0.6687318319595882
900,SN89,R1,V176M,152,176,H2227,97,1.0,3.292147806004619,-0.6798779775967689
331,SN89,R1,I252M,387,252,H2227,221,1.0,1.2268431001890359,-0.6801121859546517
32,SN89,R1,A259E,546,259,H2227,317,1.0,2.1360356210655613,-0.6855899017744352
344,SN89,R1,K157F,12064,157,H2227,6879,1.0,2.1137721829625757,-0.7014833765105123
386,SN89,R1,K123-,2061,123,H2227,1165,1.0,1.5236011506827114,-0.7119456558883603
557,SN89,R1,P221G,751,221,H2227,422,1.0,1.3198949934370898,-0.7135598373543088
246,SN89,R1,G240W,4763,240,H2227,2661,3.258477524701953,1.0,-0.7161052304392191
230,SN89,R1,G189F,14239,189,H2227,8017,1.0,1.0019077537854169,-0.7185834637314331
48,SN89,R1,A100L,8830,100,H2227,4953,1.4252127849532765,1.0,-0.7222676776529191
804,SN89,R1,S140E,144366,140,H2227,80617,1.0,1.8137543630017452,-0.7312034267363456
730,SN89,R1,S76K,9269,76,H2227,5160,1.0,1.8082666498645328,-0.7356875046531622
475,SN89,R1,N187G,9995,187,H2227,5531,1.0,1.2550950644615184,-0.7435157611640347
116,SN89,R1,E198M,1323,198,H2227,720,1.1377986757508876,1.0,-0.7566464386308661
330,SN89,R1,I244Y,5413,244,H2227,2929,1.0,1.9214739088917598,-0.7768376208193717
163,SN89,R1,E78N,3001,78,H2227,1626,1.0,2.339506257453429,-0.7770821446797236
584,SN89,R1,P87V,7078,87,H2227,3822,1.0,1.7372330547818013,-0.7794095487577749
618,SN89,R1,Q55R,2481,55,H2227,1339,1.0,1.7229472988600694,-0.7796448549537606
205,SN89,R1,F213Y,614,213,H2227,336,1.0,2.711691086691087,-0.7804110896720995
917,SN89,R1,V205M,2915,205,H2227,1567,1.0,1.7534847242522549,-0.785593758428397
176,SN89,R1,E90R,373,90,H2227,199,1.0,1.669824955837482,-0.7894855134236386
13,SN89,R1,A193V,1268,193,H2227,652,3.2427307904919846,1.0,-0.7916543979696441
477,SN89,R1,N187M,1855,187,H2227,988,1.0,1.2550950644615184,-0.794680955070768
792,SN89,R1,S125M,4534,125,H2227,2410,1.0,1.2879451953887517,-0.8005136661701163
862,SN89,R1,T93E,10942,93,H2227,5824,1.0,1.9628781412004748,-0.8005259559557059
357,SN89,R1,K172H,3367,172,H2227,1782,1.0,1.6044624746450304,-0.807384791659921
83,SN89,R1,D241K,6569,241,H2227,3450,1.47,1.0,-0.8158087982873957
336,SN89,R1,I120C,489,120,H2227,248,1.2644103945669867,1.0,-0.8276219915393971
820,SN89,R1,S146T,923,146,H2227,531,1.0,11.784732824427481,-0.8343459103468664
704,SN89,R1,S261-,143,261,H2227,66,1.3128132008084388,1.0,-0.8419342202326022
86,SN89,R1,D101A,24976,101,H2227,12892,1.0,1.397064906924062,-0.8443947417437738
526,SN89,R1,N58D,3727,58,H2227,1890,1.734318311540909,1.0,-0.8609967121729748
483,SN89,R1,N187Y,6088,187,H2227,3098,1.0,1.2550950644615184,-0.8635981094373114
201,SN89,R1,F213M,3661,213,H2227,1861,1.0,2.711691086691087,-0.869670494454428
203,SN89,R1,F213T,5544,213,H2227,2786,1.0,2.711691086691087,-0.8851978948699997
741,SN89,R1,S79L,427,79,H2227,219,1.0,3.0644992134242264,-0.8894649923386069
109,SN89,R1,E175L,1292,175,H2227,631,1.510745936001981,1.0,-0.901555827041856
938,SN89,R1,V112S,1966,112,H2227,975,1.0,2.042767900048054,-0.9025989937302611
219,SN89,R1,F121W,4999,121,H2227,2476,1.0,4.872549019607843,-0.9123295280099479
287,SN89,R1,H196W,1964,196,H2227,962,1.0,1.247752711245143,-0.9145486541741582
58,SN89,R1,A137F,8979,137,H2227,4368,1.4292217941789995,1.0,-0.9271443721112888
131,SN89,R1,E238G,5575,238,H2227,2692,1.0,2.1149066855657925,-0.9410226250644075
523,SN89,R1,N129E,1750,129,H2227,856,1.0,4.627336448598131,-0.9430986791936885
898,SN89,R1,V176I,287,176,H2227,144,1.0,3.292147806004619,-0.945363475874225
174,SN89,R1,E90I,135,90,H2227,63,1.0,1.669824955837482,-0.9458670738476644
258,SN89,R1,G263P,84,263,H2227,50,1.0,4.117348900121022,-0.9514426196613501
867,SN89,R1,T93L,5202,93,H2227,2489,1.0,1.9628781412004748,-0.9537700590343092
946,SN89,R1,W180F,2154,180,H2227,1036,1.0,3.668918918918919,-0.9570651557947307
747,SN89,R1,S89A,6941,89,H2227,3298,1.5794213205761212,1.0,-0.9594114587820233
646,SN89,R1,R224F,3208,224,H2227,1518,1.0,2.2159106576589,-0.9705731664949011
322,SN89,R1,I244E,16366,244,H2227,7727,1.0,1.9214739088917598,-0.9731708699144223
560,SN89,R1,P221Q,127,221,H2227,56,1.0,1.3198949934370898,-0.9775804886870761
562,SN89,R1,P221T,2498,221,H2227,1160,1.0,1.3198949934370898,-0.9925106753721921
194,SN89,R1,E119A,2779,119,H2227,1311,1.0,6.36328125,-0.9960690970179653
106,SN89,R1,E175H,1226,175,H2227,558,1.510745936001981,1.0,-0.999473578968275
503,SN89,R1,N250-,281,250,H2227,135,1.0,3.201570680628272,-1.0007611991801069
759,SN89,R1,S110E,1202,110,H2227,553,1.0,2.1069668309577727,-1.0099159337575105
842,SN89,R1,T235M,147,235,H2227,62,1.0,1.0410784521730616,-1.019117906616553
612,SN89,R1,Q55A,1343,55,H2227,610,1.0,1.7229472988600694,-1.0241391390034589
118,SN89,R1,E198T,29608,198,H2227,13473,1.1377986757508876,1.0,-1.0258440178826091
786,SN89,R1,S113V,10901,113,H2227,4973,1.0,5.7309045226130655,-1.0274319732364319
130,SN89,R1,E238F,2044,238,H2227,927,1.0,2.1149066855657925,-1.0307408762753079
18,SN89,R1,A218K,4973,218,H2227,2240,1.0,1.5492700729927007,-1.0393140558831697
65,SN89,R1,A137R,7003,137,H2227,3148,1.4292217941789995,1.0,-1.0397304707326411
600,SN89,R1,P122T,1976,122,H2227,885,1.0,1.6463814092644176,-1.0452257353303576
257,SN89,R1,G263N,17971,263,H2227,8073,1.0,4.117348900121022,-1.0465575108657255
675,SN89,R1,S186P,10799,186,H2227,4825,1.416739044611133,1.0,-1.0500712834340198
884,SN89,R1,T133Y,311,133,H2227,134,1.0,1.0821290408644226,-1.050841900179878
914,SN89,R1,V205H,4843,205,H2227,2157,1.0,1.7534847242522549,-1.0560440882023614
25,SN89,R1,A218Y,398,218,H2227,172,1.0,1.5492700729927007,-1.0745585055112266
722,SN89,R1,S73W,3603,73,H2227,1584,1.0,3.2870906502135737,-1.0802254941713247
67,SN89,R1,A137V,25988,137,H2227,11176,1.4292217941789995,1.0,-1.1068223634895291
220,SN89,R1,G159D,2545,159,H2227,1089,1.0,1.1691842900302114,-1.1087348839673208
920,SN89,R1,V205T,384,205,H2227,160,1.0,1.7534847242522549,-1.1306186179385844
487,SN89,R1,N199I,3856,199,H2227,1619,1.0,3.787958906179181,-1.147780825870892
924,SN89,R1,V223D,1794,223,H2227,733,2.0804277761500147,1.0,-1.1496307116135804
725,SN89,R1,S76D,6246,76,H2227,2584,1.0,1.8082666498645328,-1.1625510807251895
640,SN89,R1,R212S,23613,212,H2227,9704,1.0,1.8744159819558563,-1.173212785658496
545,SN89,R1,P162A,7930,162,H2227,3250,1.0,2.044572201555631,-1.1767820721702453
346,SN89,R1,K157L,38475,157,H2227,15750,1.0,2.1137721829625757,-1.1790621197069524
121,SN89,R1,E216M,1079,216,H2227,458,1.0,7.778640776699029,-1.195965874807789
461,SN89,R1,N158Y,1161,158,H2227,466,1.0,1.566051611177965,-1.196299187557002
147,SN89,R1,E246F,7098,246,H2227,2895,1.0,9.934505761067314,-1.1992773502961724
185,SN89,R1,E107A,6904,107,H2227,2781,1.0,2.5750025952455102,-1.20262148767649
976,SN89,R1,Y256K,2795,256,H2227,1118,1.0,1.9549183794299247,-1.2097581254964165
10,SN89,R1,A193N,6456,193,H2227,2526,3.2427307904919846,1.0,-1.2283520542814788
29,SN89,R1,A253F,504,253,H2227,197,1.0,2.2205223880597016,-1.2366071276960637
522,SN89,R1,N91Y,7367,91,H2227,2882,1.957473041110007,1.0,-1.2368869107346276
320,SN89,R1,I244A,535,244,H2227,204,1.0,1.9214739088917598,-1.263456750918503
455,SN89,R1,N158H,4106,158,H2227,1578,1.0,1.566051611177965,-1.2666492931098687
97,SN89,R1,E173D,1912,173,H2227,730,1.0,1.7999597504528073,-1.2736299609967645
973,SN89,R1,Y233Q,4963,233,H2227,1896,1.0,2.8460420349636615,-1.2795049741432227
587,SN89,R1,P96H,2309,96,H2227,904,1.0,9.210176991150442,-1.283805735549659
376,SN89,R1,K219W,2522,219,H2227,950,1.2583644640414804,1.0,-1.2859567688350257
893,SN89,R1,V169Q,1561,169,H2227,584,1.176112181353882,1.0,-1.2895374662050199
599,SN89,R1,P122S,32734,122,H2227,12380,1.0,1.6463814092644176,-1.2929709505624476
833,SN89,R1,T197W,5095,197,H2227,1893,1.0,1.7031894601428381,-1.3162511485940884
425,SN89,R1,L164Y,5424,164,H2227,2010,1.1046569147056746,1.0,-1.317569555981417
774,SN89,R1,S111T,3065,111,H2227,1115,2.5441414221727494,1.0,-1.3217043028321034
889,SN89,R1,V169G,1894,169,H2227,689,1.176112181353882,1.0,-1.3326990069456632
161,SN89,R1,E78K,15424,78,H2227,5664,1.0,2.339506257453429,-1.3355338058052215
685,SN89,R1,S206F,101,206,H2227,15,2.5471619147266544,1.0,-1.34628754199247
837,SN89,R1,T214V,4158,214,H2227,1498,1.653355989804588,1.0,-1.3511593642212225
269,SN89,R1,G57V,229,57,H2227,77,1.0,1.0755718303879425,-1.3531290807658285
158,SN89,R1,E72W,766,72,H2227,256,2.532702837232454,1.0,-1.3545182962951263
437,SN89,R1,L251V,1573,251,H2227,574,1.0,4.071926489226869,-1.356898869572995
903,SN89,R1,V178M,14424,178,H2227,5205,1.0,2.033130209427751,-1.3603829392260847
0,SN89,R1,A62I,3538,62,H2227,1276,1.0,7.6608187134502925,-1.381376429026048
555,SN89,R1,P221C,4444,221,H2227,1570,1.0,1.3198949934370898,-1.3868556740195093
913,SN89,R1,V205G,3093,205,H2227,1088,1.0,1.7534847242522549,-1.3929127811662905
382,SN89,R1,K77Q,5543,77,H2227,1951,1.0,3.374793136486369,-1.3984076990865937
364,SN89,R1,K174C,3058,174,H2227,1066,1.0,3.6297709923664123,-1.414498453998292
699,SN89,R1,S210M,786,210,H2227,269,1.0,1.832911588015994,-1.418146295478014
137,SN89,R1,E70C,957,70,H2227,347,1.0,7.98549186128804,-1.4286348489208338
276,SN89,R1,H196C,4410,196,H2227,1508,1.0,1.247752711245143,-1.4333283426603993
338,SN89,R1,I120L,7053,120,H2227,2411,1.2644103945669867,1.0,-1.433766633273981
263,SN89,R1,G263W,1315,263,H2227,452,1.0,4.117348900121022,-1.4441249759106038
935,SN89,R1,V223Y,10458,223,H2227,3503,2.0804277761500147,1.0,-1.4614733896439436
372,SN89,R1,K219N,29104,219,H2227,9747,1.2583644640414804,1.0,-1.467484738884418
173,SN89,R1,E90H,2422,90,H2227,799,1.0,1.669824955837482,-1.4825306551417212
604,SN89,R1,P128I,8107,128,H2227,2664,1.0,1.437672493100276,-1.4933637257358356
956,SN89,R1,Y201A,950,201,H2227,312,1.0,3.1549413735343386,-1.4985808393147597
977,SN89,R1,Y256N,8397,256,H2227,2747,1.0,1.9549183794299247,-1.5007509108270036
772,SN89,R1,S111M,2675,111,H2227,854,2.5441414221727494,1.0,-1.5009729383052832
753,SN89,R1,S89P,837,89,H2227,261,1.5794213205761212,1.0,-1.5042231157122645
262,SN89,R1,G263V,2338,263,H2227,766,1.0,4.117348900121022,-1.5068799042777397
877,SN89,R1,T131I,1477,131,H2227,474,1.0080254447279855,1.0,-1.5097405134538904
787,SN89,R1,S113W,1317,113,H2227,436,1.0,5.7309045226130655,-1.5140841050689064
992,SN89,R1,Y102F,2754,102,H2227,880,1.0,1.3073650234741785,-1.527127102422969
95,SN89,R1,D101S,2104,101,H2227,670,1.0,1.397064906924062,-1.5297162017982493
885,SN89,R1,T136A,4572,136,H2227,1467,1.0,3.34994734994735,-1.5312618158321696
904,SN89,R1,V182F,1325,182,H2227,417,1.0,1.115493059572007,-1.5364291346996122
282,SN89,R1,H196P,1293,196,H2227,406,1.0,1.247752711245143,-1.5405675109503552
676,SN89,R1,S186R,3245,186,H2227,1023,1.416739044611133,1.0,-1.5406777660470339
603,SN89,R1,P128G,3637,128,H2227,1153,1.0,1.437672493100276,-1.5412283066748125
328,SN89,R1,I244S,8693,244,H2227,2750,1.0,1.9214739088917598,-1.548993715503497
491,SN89,R1,N199V,46676,199,H2227,14758,1.0,3.787958906179181,-1.5519359655128477
761,SN89,R1,S110L,3000,110,H2227,943,1.0,2.1069668309577727,-1.5551275113088037
190,SN89,R1,E116K,539,116,H2227,141,3.0413318555463196,1.0,-1.5700553607093366
940,SN89,R1,V135C,6207,135,H2227,1927,1.0,1.1801605801605801,-1.5734602529980461
656,SN89,R1,R262N,3735,262,H2227,1151,1.0,2.9966821499668215,-1.5878551763301871
177,SN89,R1,E90S,10198,90,H2227,3120,1.0,1.669824955837482,-1.5970430285400892
238,SN89,R1,G225K,66,225,H2227,41,1.0,10.067039106145252,-1.5987748735872576
236,SN89,R1,G189V,18488,189,H2227,5595,1.0,1.0019077537854169,-1.613238165932422
474,SN89,R1,N187F,4405,187,H2227,1327,1.0,1.2550950644615184,-1.6148923815289047
433,SN89,R1,L236Q,1007,236,H2227,338,1.0,14.624548736462094,-1.6187320737121587
760,SN89,R1,S110I,2956,110,H2227,883,1.0,2.1069668309577727,-1.6277770793332405
554,SN89,R1,P221A,761,221,H2227,221,1.0,1.3198949934370898,-1.6354543736419085
388,SN89,R1,K123D,39778,123,H2227,11759,1.0,1.5236011506827114,-1.6481674479545696
155,SN89,R1,E72N,725,72,H2227,190,2.532702837232454,1.0,-1.6619246379817767
143,SN89,R1,E70R,745,70,H2227,231,1.0,7.98549186128804,-1.665524032057059
643,SN89,R1,R212Y,9144,212,H2227,2666,1.0,1.8744159819558563,-1.6663256859292905
427,SN89,R1,L179M,2333,179,H2227,688,1.0,6.4312567132116,-1.6705885838986607
402,SN89,R1,K133.5N,299,133.5,H2227,81,1.0,1.3656875558918622,-1.6712831142051265
982,SN89,R1,Y98E,430,98,H2227,105,2.281495254361879,1.0,-1.6741475202402498
803,SN89,R1,S140D,624,140,H2227,173,1.0,1.8137543630017452,-1.7016648245074277
727,SN89,R1,S76F,3565,76,H2227,1009,1.0,1.8082666498645328,-1.7046735857807453
788,SN89,R1,S125D,881,125,H2227,244,1.0,1.2879451953887517,-1.7058957447275203
367,SN89,R1,K219A,1632,219,H2227,454,1.2583644640414804,1.0,-1.7059096649216756
909,SN89,R1,V204I,2305,204,H2227,663,1.0,6.849122807017544,-1.708787637556662
36,SN89,R1,A259V,1586,259,H2227,444,1.0,2.1360356210655613,-1.7145443926938675
745,SN89,R1,S81A,4891,81,H2227,1369,1.151388689020003,1.0,-1.7185300116159419
351,SN89,R1,K166E,4638,166,H2227,1306,1.0,8.106753812636166,-1.732755005737251
959,SN89,R1,Y209I,1694,209,H2227,473,1.0,4.527359238699445,-1.738923874209014
502,SN89,R1,N248S,7828,248,H2227,2160,1.0,1.4993845901370313,-1.7443462116823167
358,SN89,R1,K172L,5308,172,H2227,1440,1.0,1.6044624746450304,-1.7671029849840711
888,SN89,R1,V169F,904,169,H2227,237,1.176112181353882,1.0,-1.7680933069422144
866,SN89,R1,T93K,9640,93,H2227,2567,1.0,1.9628781412004748,-1.7968962742439258
181,SN89,R1,E103M,1298,103,H2227,343,1.0,2.566301898937882,-1.7973963914955802
670,SN89,R1,S167H,6838,167,H2227,1822,1.0,3.1888849806542385,-1.7974467317445337
755,SN89,R1,S89R,403,89,H2227,93,1.5794213205761212,1.0,-1.8152148881248382
809,SN89,R1,S140V,3914,140,H2227,1017,1.0,1.8137543630017452,-1.8275037277505741
798,SN89,R1,S126E,311,126,H2227,59,2.4414902258081983,1.0,-1.8349027168074807
810,SN89,R1,S145A,17727,145,H2227,4594,1.0,2.814692891074256,-1.8378697307948688
105,SN89,R1,E175G,2215,175,H2227,561,1.510745936001981,1.0,-1.8400679080246176
832,SN89,R1,T197V,1557,197,H2227,396,1.0,1.7031894601428381,-1.8455430146814524
839,SN89,R1,T235E,6687,235,H2227,1717,1.0,1.0410784521730616,-1.8459877075300448
112,SN89,R1,E175S,1515,175,H2227,372,1.510745936001981,1.0,-1.8686756444923787
664,SN89,R1,S165A,86,165,H2227,19,1.0,2.9157826369344013,-1.880076399029467
100,SN89,R1,E173N,1150,173,H2227,283,1.0,1.7999597504528073,-1.8856937975288823
59,SN89,R1,A137G,18169,137,H2227,4546,1.4292217941789995,1.0,-1.8857440942908792
169,SN89,R1,E85I,4659,85,H2227,1150,1.72074120388791,1.0,-1.8907327376147964
354,SN89,R1,K172A,16656,172,H2227,4157,1.0,1.6044624746450304,-1.8909832607612573
850,SN89,R1,T242K,1818,242,H2227,448,1.0,1.5635450127666584,-1.8919219476073166
635,SN89,R1,R212I,2144,212,H2227,519,1.0,1.8744159819558563,-1.9221474500529918
797,SN89,R1,S126D,2917,126,H2227,687,2.4414902258081983,1.0,-1.931366117228108
864,SN89,R1,T93H,2554,93,H2227,612,1.0,1.9628781412004748,-1.9394385536201115
799,SN89,R1,S126G,1546,126,H2227,347,2.4414902258081983,1.0,-1.9574449255599562
660,SN89,R1,R106W,1170,106,H2227,278,1.0,4.395499224004139,-1.9661127680298995
718,SN89,R1,S73P,1744,73,H2227,408,1.0,3.2870906502135737,-1.9783401695537626
815,SN89,R1,S145L,7913,145,H2227,1850,1.0,2.814692891074256,-1.9846369377965762
698,SN89,R1,S210L,18119,210,H2227,4156,1.0,1.832911588015994,-2.0128527497338706
369,SN89,R1,K219E,9823,219,H2227,2245,1.2583644640414804,1.0,-2.0135153813119233
974,SN89,R1,Y233R,1431,233,H2227,323,1.0,2.8460420349636615,-2.022432110876892
426,SN89,R1,L179I,8919,179,H2227,2012,1.0,6.4312567132116,-2.041934037207109
585,SN89,R1,P87W,35602,87,H2227,7935,1.0,1.7372330547818013,-2.0551716873752417
896,SN89,R1,V169W,525,169,H2227,107,1.176112181353882,1.0,-2.06213643529811
189,SN89,R1,E107S,4740,107,H2227,1037,1.0,2.5750025952455102,-2.077042139252436
971,SN89,R1,Y233I,318,233,H2227,66,1.0,2.8460420349636615,-2.0792103314750325
128,SN89,R1,E227W,2176,227,H2227,489,1.0,15.55217594759008,-2.114320355222426
721,SN89,R1,S73V,4550,73,H2227,967,1.0,3.2870906502135737,-2.1203973268403202
136,SN89,R1,E70A,14966,70,H2227,3180,1.0,7.98549186128804,-2.128154543460093
891,SN89,R1,V169K,939,169,H2227,189,1.176112181353882,1.0,-2.131588344452999
830,SN89,R1,T197R,1387,197,H2227,287,1.0,1.7031894601428381,-2.131670745506007
674,SN89,R1,S186I,213,186,H2227,33,1.416739044611133,1.0,-2.1318509945460784
915,SN89,R1,V205I,4694,205,H2227,986,1.0,1.7534847242522549,-2.1326076334307795
62,SN89,R1,A137M,3993,137,H2227,827,1.4292217941789995,1.0,-2.1410721430816335
814,SN89,R1,S145K,644,145,H2227,131,1.0,2.814692891074256,-2.1436736430776815
633,SN89,R1,R212E,15504,212,H2227,3234,1.0,1.8744159819558563,-2.149161964224549
432,SN89,R1,L236E,826,236,H2227,193,1.0,14.624548736462094,-2.150032543790039
35,SN89,R1,A259S,4625,259,H2227,952,1.0,2.1360356210655613,-2.162607440361814
686,SN89,R1,S206K,5819,206,H2227,1180,2.5471619147266544,1.0,-2.164361054756995
855,SN89,R1,T86N,2084,86,H2227,418,1.0560505992941258,1.0,-2.179346409253291
82,SN89,R1,D241H,4758,241,H2227,958,1.47,1.0,-2.183988336732375
419,SN89,R1,L160T,13070,160,H2227,2657,1.0,2.746730083234245,-2.1865926057178378
187,SN89,R1,E107I,222,107,H2227,40,1.0,2.5750025952455102,-2.1994855090672143
305,SN89,R1,I188M,19496,188,H2227,3888,1.2111940988524406,1.0,-2.2129919776089095
247,SN89,R1,G249E,2170,249,H2227,428,1.0,2.3438628158844765,-2.214799706565034
393,SN89,R1,K123N,5032,123,H2227,993,1.0,1.5236011506827114,-2.2218079079839548
454,SN89,R1,N158G,891,158,H2227,170,1.0,1.566051611177965,-2.223200076802171
406,SN89,R1,K144Q,3063,144,H2227,634,1.0,18.75,-2.2255808095142346
311,SN89,R1,I194S,719,194,H2227,123,2.041737916593963,1.0,-2.23639080025865
843,SN89,R1,T235Q,17357,235,H2227,3405,1.0,1.0410784521730616,-2.237077534857739
210,SN89,R1,F75T,3180,75,H2227,610,1.0,2.7684700407213496,-2.261785956466861
272,SN89,R1,G143L,282,143,H2227,47,1.0,1.4274399902522237,-2.2685393751415317
529,SN89,R1,N58M,3644,58,H2227,684,1.734318311540909,1.0,-2.2719647641500975
806,SN89,R1,S140L,837,140,H2227,152,1.0,1.8137543630017452,-2.2907887965082816
468,SN89,R1,N171P,170,171,H2227,22,1.1754080522306856,1.0,-2.3055232258641802
639,SN89,R1,R212Q,2339,212,H2227,432,1.0,1.8744159819558563,-2.305912969036722
223,SN89,R1,G159K,127,159,H2227,16,1.0,1.1691842900302114,-2.3059473969998736
90,SN89,R1,D101I,132,101,H2227,17,1.0,1.397064906924062,-2.325287253869955
970,SN89,R1,Y233H,25214,233,H2227,4588,1.0,2.8460420349636615,-2.3473652745468265
54,SN89,R1,A100Y,2199,100,H2227,388,1.4252127849532765,1.0,-2.3478907459891687
413,SN89,R1,L152T,4031,152,H2227,714,1.1631356396380605,1.0,-2.368063341729918
430,SN89,R1,L179V,3322,179,H2227,596,1.0,6.4312567132116,-2.372794948081336
145,SN89,R1,E246A,4224,246,H2227,763,1.0,9.934505761067314,-2.37395835460547
851,SN89,R1,T242W,3487,242,H2227,615,1.0,1.5635450127666584,-2.377147356773914
572,SN89,R1,P239V,13219,239,H2227,2352,1.0,2.3110343125154285,-2.377661441626236
488,SN89,R1,N199R,3561,199,H2227,631,1.0,3.787958906179181,-2.379710729203378
972,SN89,R1,Y233M,19690,233,H2227,3455,1.0,2.8460420349636615,-2.3992107626694983
442,SN89,R1,L74E,3095,74,H2227,536,1.0,1.9214361891219338,-2.402517866825179
61,SN89,R1,A137K,8416,137,H2227,1451,1.4292217941789995,1.0,-2.4143289427927495
170,SN89,R1,E85L,417,85,H2227,57,1.72074120388791,1.0,-2.4152809692528825
922,SN89,R1,V205Y,3826,205,H2227,656,1.0,1.7534847242522549,-2.4194678329361246
183,SN89,R1,E103R,306,103,H2227,47,1.0,2.566301898937882,-2.4312849293232164
70,SN89,R1,A138S,426,138,H2227,107,1.0,26.60720411663808,-2.4541990513720506
668,SN89,R1,S167E,453,167,H2227,72,1.0,3.1888849806542385,-2.4545377417663183
951,SN89,R1,Y161F,1803,161,H2227,304,1.0,7.240131578947368,-2.4688049536996837
708,SN89,R1,S261H,22065,261,H2227,3624,1.3128132008084388,1.0,-2.492206953613419
937,SN89,R1,V112L,1446,112,H2227,231,1.0,2.042767900048054,-2.4958192247702584
245,SN89,R1,G240T,1915,240,H2227,281,3.258477524701953,1.0,-2.5086673892719995
167,SN89,R1,E85A,1318,85,H2227,199,1.72074120388791,1.0,-2.5094473579528587
791,SN89,R1,S125L,10646,125,H2227,1722,1.0,1.2879451953887517,-2.512188901247465
178,SN89,R1,E90T,983,90,H2227,152,1.0,1.669824955837482,-2.5161298867049045
387,SN89,R1,K123A,3433,123,H2227,546,1.0,1.5236011506827114,-2.523337698262927
290,SN89,R1,H208Q,2190,208,H2227,336,1.8162719947377075,1.0,-2.5257028547346447
129,SN89,R1,E238D,12264,238,H2227,1963,1.0,2.1149066855657925,-2.5290684092295908
458,SN89,R1,N158T,21147,158,H2227,3386,1.0,1.566051611177965,-2.5302471713780097
507,SN89,R1,N88H,1032,88,H2227,156,1.0,1.0599630996309963,-2.541581799347862
944,SN89,R1,V135T,2558,135,H2227,392,1.0,1.1801605801605801,-2.5670371924038116
941,SN89,R1,V135E,1031,135,H2227,152,1.0,1.1801605801605801,-2.577046605714833
273,SN89,R1,G143M,1047,143,H2227,153,1.0,1.4274399902522237,-2.5934930801718914
135,SN89,R1,E238S,7781,238,H2227,1181,1.0,2.1149066855657925,-2.6023140564395244
467,SN89,R1,N171E,2082,171,H2227,304,1.1754080522306856,1.0,-2.6186697124121383
200,SN89,R1,F213D,2958,213,H2227,440,1.0,2.711691086691087,-2.62038619265745
392,SN89,R1,K123M,6386,123,H2227,944,1.0,1.5236011506827114,-2.6369252944555033
987,SN89,R1,Y98S,9485,98,H2227,1391,2.281495254361879,1.0,-2.6382753128886285
552,SN89,R1,P215G,1062,215,H2227,151,1.0,3.228342245989305,-2.655431994531798
321,SN89,R1,I244D,11330,244,H2227,1653,1.0,1.9214739088917598,-2.6613548744472055
500,SN89,R1,N248D,752,248,H2227,102,1.0,1.4993845901370313,-2.666353055756188
773,SN89,R1,S111R,2998,111,H2227,411,2.5441414221727494,1.0,-2.6756548834766143
195,SN89,R1,E119C,1096,119,H2227,158,1.0,6.36328125,-2.6776067307022737
81,SN89,R1,D241G,4546,241,H2227,645,1.47,1.0,-2.6785566608674096
979,SN89,R1,Y82F,1197,82,H2227,179,1.0,11.927374301675977,-2.6902845182316355
865,SN89,R1,T93I,1711,93,H2227,238,1.0,1.9628781412004748,-2.6935053390938526
214,SN89,R1,F115I,3123,115,H2227,436,1.0,3.4049964813511613,-2.7140336256839444
49,SN89,R1,A100P,1441,100,H2227,190,1.4252127849532765,1.0,-2.7192937911968444
352,SN89,R1,K166I,320,166,H2227,46,1.0,8.106753812636166,-2.7307591444688044
498,SN89,R1,N231T,471,231,H2227,61,1.0,4.4915373765867415,-2.751778801402865
644,SN89,R1,R220C,29642,220,H2227,4078,1.0,8.201324178518881,-2.752571284024858
481,SN89,R1,N187V,21791,187,H2227,2971,1.0,1.2550950644615184,-2.7613399051161007
748,SN89,R1,S89E,1343,89,H2227,168,1.5794213205761212,1.0,-2.770673518137196
734,SN89,R1,S76T,2626,76,H2227,348,1.0,1.8082666498645328,-2.77536209885403
908,SN89,R1,V204-,1432,204,H2227,192,1.0,6.849122807017544,-2.7834630164485135
631,SN89,R1,R212A,2298,212,H2227,298,1.0,1.8744159819558563,-2.8017205434583126
876,SN89,R1,T131F,239,131,H2227,23,1.0080254447279855,1.0,-2.802757524967281
91,SN89,R1,D101K,2876,101,H2227,373,1.0,1.397064906924062,-2.806278800069191
140,SN89,R1,E70I,1291,70,H2227,167,1.0,7.98549186128804,-2.8436714177189444
817,SN89,R1,S145R,1732,145,H2227,216,1.0,2.814692891074256,-2.8518933558900557
133,SN89,R1,E238M,1779,238,H2227,221,1.0,2.1149066855657925,-2.85276752859818
34,SN89,R1,A259M,4516,259,H2227,570,1.0,2.1360356210655613,-2.858343627793238
478,SN89,R1,N187Q,2468,187,H2227,307,1.0,1.2550950644615184,-2.858750917584275
919,SN89,R1,V205S,4120,205,H2227,515,1.0,1.7534847242522549,-2.8690103014694435
831,SN89,R1,T197S,3825,197,H2227,476,1.0,1.7031894601428381,-2.8734711493720755
852,SN89,R1,T86D,313,86,H2227,30,1.0560505992941258,1.0,-2.8840423863400377
610,SN89,R1,Q226L,5018,226,H2227,610,1.0027504711455204,1.0,-2.91023435535932
55,SN89,R1,A137-,820,137,H2227,87,1.4292217941789995,1.0,-2.925257428849123
96,SN89,R1,D101Y,1341,101,H2227,155,1.0,1.397064906924062,-2.9283639278827174
375,SN89,R1,K219V,15828,219,H2227,1911,1.2583644640414804,1.0,-2.932184875252481
17,SN89,R1,A218I,7446,218,H2227,891,1.0,1.5492700729927007,-2.9405003587774656
511,SN89,R1,N91E,10294,91,H2227,1211,1.957473041110007,1.0,-2.956489082166899
654,SN89,R1,R262A,3440,262,H2227,401,1.0,2.9966821499668215,-2.9682975665768376
929,SN89,R1,V223M,2511,223,H2227,277,2.0804277761500147,1.0,-2.972252995958739
409,SN89,R1,L152C,19640,152,H2227,2303,1.1631356396380605,1.0,-2.9763346639058854
450,SN89,R1,L109F,1940,109,H2227,238,1.0,17.74144486692015,-2.98397760123561
546,SN89,R1,P162E,213,162,H2227,17,1.0,2.044572201555631,-3.0026741313249223
334,SN89,R1,I83Q,204,83,H2227,11,1.3739406779661016,1.0,-3.0033953936890825
480,SN89,R1,N187S,1668,187,H2227,183,1.0,1.2550950644615184,-3.012906602570484
78,SN89,R1,D190V,942,190,H2227,53,5.497645083343572,1.0,-3.0310631669381203
942,SN89,R1,V135G,1276,135,H2227,134,1.0,1.1801605801605801,-3.051417251608206
535,SN89,R1,N58W,2162,58,H2227,225,1.734318311540909,1.0,-3.054581292290685
228,SN89,R1,G189D,3666,189,H2227,397,1.0,1.0019077537854169,-3.0656972151398825
818,SN89,R1,S146A,562,146,H2227,65,1.0,11.784732824427481,-3.070536239535163
198,SN89,R1,E119T,163,119,H2227,15,1.0,6.36328125,-3.0708285613126027
739,SN89,R1,S79C,233,79,H2227,19,1.0,3.0644992134242264,-3.075055484917179
931,SN89,R1,V223Q,3823,223,H2227,394,2.0804277761500147,1.0,-3.0986645809879363
496,SN89,R1,N231M,898,231,H2227,92,1.0,4.4915373765867415,-3.0990944363993695
870,SN89,R1,T93V,8783,93,H2227,939,1.0,1.9628781412004748,-3.104075500284851
630,SN89,R1,R211Y,925,211,H2227,73,2.76010919638287,1.0,-3.107038530638561
486,SN89,R1,N199G,1392,199,H2227,143,1.0,3.787958906179181,-3.1148492615840366
50,SN89,R1,A100S,226,100,H2227,11,1.4252127849532765,1.0,-3.114979278995131
445,SN89,R1,L54E,1430,54,H2227,147,1.0,4.041286397218601,-3.1179353940775805
295,SN89,R1,H141R,1402,141,H2227,150,1.0,10.576923076923077,-3.1266007267384466
988,SN89,R1,Y98V,5556,98,H2227,566,2.281495254361879,1.0,-3.131455313050781
731,SN89,R1,S76L,3310,76,H2227,334,1.0,1.8082666498645328,-3.164837107548
527,SN89,R1,N58G,7586,58,H2227,767,1.734318311540909,1.0,-3.1663635638563368
266,SN89,R1,G57I,2086,57,H2227,206,1.0,1.0755718303879425,-3.169706735235114
340,SN89,R1,I120V,795,120,H2227,70,1.2644103945669867,1.0,-3.1746683816416703
869,SN89,R1,T93S,2239,93,H2227,220,1.0,1.9628781412004748,-3.1863624726760933
27,SN89,R1,A247W,8153,247,H2227,821,1.0,4.528475199020209,-3.1929357582793023
127,SN89,R1,E227V,1596,227,H2227,167,1.0,15.55217594759008,-3.1969478275610927
457,SN89,R1,N158M,1986,158,H2227,191,1.0,1.566051611177965,-3.20656443025194
439,SN89,R1,L260A,833,260,H2227,117,1.0,43.55113636363637,-3.2094471002744633
345,SN89,R1,K157I,219,157,H2227,14,1.0,2.1137721829625757,-3.213371680498566
853,SN89,R1,T86G,1448,86,H2227,135,1.0560505992941258,1.0,-3.214955619829274
687,SN89,R1,S206R,550,206,H2227,30,2.5471619147266544,1.0,-3.226315424077366
984,SN89,R1,Y98M,789,98,H2227,56,2.281495254361879,1.0,-3.232354856069284
754,SN89,R1,S89Q,2455,89,H2227,227,1.5794213205761212,1.0,-3.234456632661998
793,SN89,R1,S125P,607,125,H2227,51,1.0,1.2879451953887517,-3.2357504920614737
899,SN89,R1,V176L,1409,176,H2227,131,1.0,3.292147806004619,-3.2448015100800034
423,SN89,R1,L164M,308,164,H2227,20,1.1046569147056746,1.0,-3.247178565804846
743,SN89,R1,S79R,3904,79,H2227,370,1.0,3.0644992134242264,-3.26274584601451
123,SN89,R1,E216Y,193,216,H2227,16,1.0,7.778640776699029,-3.270995599589715
980,SN89,R1,Y95P,1026,95,H2227,127,1.0,40.51968503937008,-3.2742881097422396
629,SN89,R1,R211K,950,211,H2227,63,2.76010919638287,1.0,-3.296152192801996
619,SN89,R1,Q55S,312,55,H2227,21,1.0,1.7229472988600694,-3.299382575133332
703,SN89,R1,S210Y,5221,210,H2227,478,1.0,1.832911588015994,-3.3150545093660284
781,SN89,R1,S113K,5662,113,H2227,520,1.0,5.7309045226130655,-3.322269855768422
947,SN89,R1,W255Q,1160,255,H2227,86,2.1680981595092024,1.0,-3.3323696265632727
596,SN89,R1,P122N,5203,122,H2227,459,1.0,1.6463814092644176,-3.3668735808584382
353,SN89,R1,K166V,309,166,H2227,25,1.0,8.106753812636166,-3.3687097891242748
923,SN89,R1,V223A,492,223,H2227,24,2.0804277761500147,1.0,-3.3766722368461597
314,SN89,R1,I65V,475,65,H2227,32,1.0309372156505914,1.0,-3.409590422664751
270,SN89,R1,G143A,8535,143,H2227,733,1.0,1.4274399902522237,-3.4150070902637184
124,SN89,R1,E227H,15829,227,H2227,1374,1.0,15.55217594759008,-3.419919914584178
98,SN89,R1,E173G,1062,173,H2227,83,1.0,1.7999597504528073,-3.42828283850489
645,SN89,R1,R224D,7760,224,H2227,659,1.0,2.2159106576589,-3.4307048415765435
590,SN89,R1,P122E,5294,122,H2227,445,1.0,1.6463814092644176,-3.435531220309515
848,SN89,R1,T242F,2788,242,H2227,228,1.0,1.5635450127666584,-3.4488999023688747
431,SN89,R1,L236C,244,236,H2227,23,1.0,14.624548736462094,-3.454035657726767
73,SN89,R1,D190H,1542,190,H2227,76,5.497645083343572,1.0,-3.457567504460583
299,SN89,R1,I61V,172,61,H2227,85,1.0,98.432,-3.4928218699164457
401,SN89,R1,K133.5M,783,133.5,H2227,55,1.0,1.3656875558918622,-3.506088179239203
368,SN89,R1,K219D,4446,219,H2227,350,1.2583644640414804,1.0,-3.510026657560764
166,SN89,R1,E78Y,120155,78,H2227,9669,1.0,2.339506257453429,-3.5247840377678616
325,SN89,R1,I244K,271,244,H2227,13,1.0,1.9214739088917598,-3.5480374932991774
122,SN89,R1,E216S,571,216,H2227,41,1.0,7.778640776699029,-3.5595982467485863
261,SN89,R1,G263T,2364,263,H2227,177,1.0,4.117348900121022,-3.5755787714996194
524,SN89,R1,N58A,5561,58,H2227,413,1.734318311540909,1.0,-3.5850573906846472
84,SN89,R1,D241N,558,241,H2227,29,1.47,1.0,-3.5908566687395056
512,SN89,R1,N91F,3525,91,H2227,248,1.957473041110007,1.0,-3.6143851959559052
539,SN89,R1,N142I,3428,142,H2227,248,1.0,1.591932589804032,-3.6292420237715377
710,SN89,R1,S261N,14410,261,H2227,1060,1.3128132008084388,1.0,-3.6388420867090576
407,SN89,R1,L151M,1414,151,H2227,128,1.0,44.40714285714286,-3.640247842611687
225,SN89,R1,G159N,271,159,H2227,11,1.0,1.1691842900302114,-3.641417008348069
593,SN89,R1,P122I,2730,122,H2227,193,1.0,1.6463814092644176,-3.6486554510064044
678,SN89,R1,S186V,5624,186,H2227,392,1.416739044611133,1.0,-3.6846822174608778
115,SN89,R1,E175Y,8305,175,H2227,584,1.510745936001981,1.0,-3.6855019769077466
592,SN89,R1,P122H,24516,122,H2227,1756,1.0,1.6463814092644176,-3.686766683748308
509,SN89,R1,N91A,11841,91,H2227,829,1.957473041110007,1.0,-3.69451203396121
824,SN89,R1,T197A,9764,197,H2227,683,1.0,1.7031894601428381,-3.7096892921692444
906,SN89,R1,V202C,1412,202,H2227,11,8.935694769711164,1.0,-3.715653143039562
283,SN89,R1,H196Q,1071,196,H2227,65,1.0,1.247752711245143,-3.743280145887373
679,SN89,R1,S186W,846,186,H2227,45,1.416739044611133,1.0,-3.74540559944001
157,SN89,R1,E72S,1590,72,H2227,85,2.532702837232454,1.0,-3.7489235378592123
768,SN89,R1,S111F,2811,111,H2227,169,2.5441414221727494,1.0,-3.7495094564880476
208,SN89,R1,F258Y,4316,258,H2227,289,1.0,3.393447940317872,-3.753348820216715
180,SN89,R1,E103C,561,103,H2227,30,1.0,2.566301898937882,-3.765060743398892
693,SN89,R1,S210-,275,210,H2227,10,1.0,1.832911588015994,-3.7650738476382855
602,SN89,R1,P128D,448,128,H2227,21,1.0,1.437672493100276,-3.789367536118641
918,SN89,R1,V205R,8836,205,H2227,569,1.0,1.7534847242522549,-3.82524649154169
370,SN89,R1,K219F,2029,219,H2227,119,1.2583644640414804,1.0,-3.8444728713841476
569,SN89,R1,P239Q,1127,239,H2227,64,1.0,2.3110343125154285,-3.8487124552986014
466,SN89,R1,N163S,434,163,H2227,20,1.0,3.4390986601705236,-3.8552498987111785
652,SN89,R1,R224Y,1067,224,H2227,59,1.0,2.2159106576589,-3.8710870301400453
790,SN89,R1,S125K,953,125,H2227,51,1.0,1.2879451953887517,-3.875605952956389
647,SN89,R1,R224H,3605,224,H2227,218,1.0,2.2159106576589,-3.8823467824873514
366,SN89,R1,K174V,283,174,H2227,10,1.0,3.6297709923664123,-3.887394823715318
939,SN89,R1,V132Y,86,132,H2227,42,1.0,75.07142857142857,-3.8962948535826847
649,SN89,R1,R224M,406,224,H2227,16,1.0,2.2159106576589,-3.932175963293275
723,SN89,R1,S73Y,34384,73,H2227,2074,1.0,3.2870906502135737,-3.9362649011842175
586,SN89,R1,P87Y,1821,87,H2227,101,1.0,1.7372330547818013,-3.940426125439955
785,SN89,R1,S113Q,3137,113,H2227,182,1.0,5.7309045226130655,-3.9468189385896824
995,SN89,R1,Y102M,4793,102,H2227,278,1.0,1.3073650234741785,-3.951361339749508
621,SN89,R1,Q108D,684,108,H2227,77,1.0,78.06862745098039,-3.961474297657767
780,SN89,R1,S113I,9378,113,H2227,548,1.0,5.7309045226130655,-3.970226001923269
583,SN89,R1,P87T,3236,87,H2227,182,1.0,1.7372330547818013,-3.9733864422289575
517,SN89,R1,N91M,6826,91,H2227,380,1.957473041110007,1.0,-3.9873039049003114
765,SN89,R1,S111A,2564,111,H2227,124,2.5441414221727494,1.0,-3.9970703634831652
212,SN89,R1,F75Y,455,75,H2227,18,1.0,2.7684700407213496,-3.9981761044387607
424,SN89,R1,L164T,1858,164,H2227,97,1.1046569147056746,1.0,-4.002426842814953
543,SN89,R1,N142S,954,142,H2227,45,1.0,1.591932589804032,-4.030994877455974
957,SN89,R1,Y201I,570,201,H2227,24,1.0,3.1549413735343386,-4.03565722881591
822,SN89,R1,T155W,624,155,H2227,56,1.0,54.767857142857146,-4.038798016291034
632,SN89,R1,R212D,983,212,H2227,46,1.0,1.8744159819558563,-4.051567526095904
605,SN89,R1,P128T,3135,128,H2227,165,1.0,1.437672493100276,-4.0602783934866125
113,SN89,R1,E175V,6690,175,H2227,355,1.510745936001981,1.0,-4.068817392428417
162,SN89,R1,E78M,4671,78,H2227,244,1.0,2.339506257453429,-4.098647145219628
767,SN89,R1,S111E,1071,111,H2227,33,2.5441414221727494,1.0,-4.099941850598376
827,SN89,R1,T197E,3206,197,H2227,162,1.0,1.7031894601428381,-4.118567867844092
394,SN89,R1,K123P,1977,123,H2227,96,1.0,1.5236011506827114,-4.122888361929166
347,SN89,R1,K157M,2995,157,H2227,149,1.0,2.1137721829625757,-4.136219580879361
875,SN89,R1,T131E,1154,131,H2227,51,1.0080254447279855,1.0,-4.142895195199958
139,SN89,R1,E70H,3129,70,H2227,158,1.0,7.98549186128804,-4.145942213033869
823,SN89,R1,T197-,509,197,H2227,17,1.0,1.7031894601428381,-4.1747488366523156
648,SN89,R1,R224K,7391,224,H2227,367,1.0,2.2159106576589,-4.188064528258508
275,SN89,R1,H184S,418,184,H2227,12,1.0,2.1299528955389304,-4.210244920317546
689,SN89,R1,S206V,829,206,H2227,16,2.5471619147266544,1.0,-4.229184869644536
691,SN89,R1,S207I,1046,207,H2227,41,1.0959845394030492,1.0,-4.23572612430061
854,SN89,R1,T86M,1845,86,H2227,79,1.0560505992941258,1.0,-4.263068474195563
762,SN89,R1,S110N,1506,110,H2227,63,1.0,2.1069668309577727,-4.277341784762868
960,SN89,R1,Y209L,1470,209,H2227,61,1.0,4.527359238699445,-4.306149548337276
410,SN89,R1,L152I,5540,152,H2227,248,1.1631356396380605,1.0,-4.308610929320019
497,SN89,R1,N231S,626,231,H2227,21,1.0,4.4915373765867415,-4.326325975376526
85,SN89,R1,D241S,2560,241,H2227,104,1.47,1.0,-4.327047443174756
446,SN89,R1,L54K,741,54,H2227,26,1.0,4.041286397218601,-4.330566759378877
362,SN89,R1,K172W,7063,172,H2227,313,1.0,1.6044624746450304,-4.344581821492787
350,SN89,R1,K157Y,13858,157,H2227,604,1.0,2.1137721829625757,-4.389151419184034
148,SN89,R1,E246G,5609,246,H2227,241,1.0,9.934505761067314,-4.397663963811549
861,SN89,R1,T93C,2095,93,H2227,81,1.0,1.9628781412004748,-4.429015131932032
859,SN89,R1,T86V,980,86,H2227,32,1.0560505992941258,1.0,-4.430497093869384
591,SN89,R1,P122G,3845,122,H2227,156,1.0,1.6463814092644176,-4.430524504922827
408,SN89,R1,L151Q,69,151,H2227,12,1.0,44.40714285714286,-4.432766310889454
579,SN89,R1,P87L,3737,87,H2227,151,1.0,1.7372330547818013,-4.434067857464965
204,SN89,R1,F213W,586,213,H2227,16,1.0,2.711691086691087,-4.450174333014934
550,SN89,R1,P162T,1404,162,H2227,50,1.0,2.044572201555631,-4.459912631238557
398,SN89,R1,K123V,1589,123,H2227,57,1.0,1.5236011506827114,-4.472217462096535
778,SN89,R1,S113C,1455,113,H2227,53,1.0,5.7309045226130655,-4.475750606516044
68,SN89,R1,A138C,9834,138,H2227,410,1.0,26.60720411663808,-4.477617803575866
22,SN89,R1,A218T,1835,218,H2227,66,1.0,1.5492700729927007,-4.496401309958705
92,SN89,R1,D101L,1578,101,H2227,55,1.0,1.397064906924062,-4.504870465738909
381,SN89,R1,K77N,3052,77,H2227,115,1.0,3.374793136486369,-4.516193387706406
680,SN89,R1,S203D,3152,203,H2227,121,1.0,16.131034482758622,-4.550775177580354
784,SN89,R1,S113P,2876,113,H2227,106,1.0,5.7309045226130655,-4.550825623233269
728,SN89,R1,S76G,3506,76,H2227,129,1.0,1.8082666498645328,-4.554717287199673
702,SN89,R1,S210W,8866,210,H2227,340,1.0,1.832911588015994,-4.556461483158627
505,SN89,R1,N250G,503,250,H2227,11,1.0,3.201570680628272,-4.561699060766538
763,SN89,R1,S110W,2730,110,H2227,94,1.0,2.1069668309577727,-4.615953417955889
735,SN89,R1,S76V,1470,76,H2227,46,1.0,1.8082666498645328,-4.622510344837747
31,SN89,R1,A257S,2465,257,H2227,94,1.0,31.648936170212767,-4.630816603709307
683,SN89,R1,S203T,1584,203,H2227,55,1.0,16.131034482758622,-4.637040618841689
828,SN89,R1,T197L,2684,197,H2227,89,1.0,1.7031894601428381,-4.660568213048895
489,SN89,R1,N199S,6635,199,H2227,234,1.0,3.787958906179181,-4.663915575637043
38,SN89,R1,A84F,972,84,H2227,20,1.5051448798156075,1.0,-4.69884925222131
622,SN89,R1,Q108M,209,108,H2227,25,1.0,78.06862745098039,-4.709586269768206
989,SN89,R1,Y98W,919,98,H2227,10,2.281495254361879,1.0,-4.713953962376603
510,SN89,R1,N91D,1654,91,H2227,39,1.957473041110007,1.0,-4.718921975358016
359,SN89,R1,K172M,7056,172,H2227,237,1.0,1.6044624746450304,-4.730177652902877
588,SN89,R1,P122-,6449,122,H2227,215,1.0,1.6463814092644176,-4.735388761765785
492,SN89,R1,N199Y,2346,199,H2227,72,1.0,3.787958906179181,-4.752102804073889
779,SN89,R1,S113G,2045,113,H2227,62,1.0,5.7309045226130655,-4.758327304545478
714,SN89,R1,S73C,4112,73,H2227,126,1.0,3.2870906502135737,-4.820224759275823
399,SN89,R1,K133.5D,2460,133.5,H2227,71,1.0,1.3656875558918622,-4.823220998788281
733,SN89,R1,S76Q,1371,76,H2227,35,1.0,1.8082666498645328,-4.838689955714122
243,SN89,R1,G240E,3388,240,H2227,77,3.258477524701953,1.0,-4.845302936566433
69,SN89,R1,A138E,510,138,H2227,15,1.0,26.60720411663808,-4.845975939345929
544,SN89,R1,N142V,3933,142,H2227,116,1.0,1.591932589804032,-4.860595902505019
783,SN89,R1,S113M,9168,113,H2227,284,1.0,5.7309045226130655,-4.862202437968453
224,SN89,R1,G159M,963,159,H2227,21,1.0,1.1691842900302114,-4.865254036738148
89,SN89,R1,D101G,2273,101,H2227,62,1.0,1.397064906924062,-4.8799373903085606
816,SN89,R1,S145Q,11114,145,H2227,340,1.0,2.814692891074256,-4.883120683690972
71,SN89,R1,A138W,1698,138,H2227,51,1.0,26.60720411663808,-4.898680153357961
250,SN89,R1,G263D,9134,263,H2227,273,1.0,4.117348900121022,-4.909409464361235
641,SN89,R1,R212T,9641,212,H2227,284,1.0,1.8744159819558563,-4.928720983964901
151,SN89,R1,E72A,4142,72,H2227,99,2.532702837232454,1.0,-4.952304379444266
476,SN89,R1,N187H,8847,187,H2227,253,1.0,1.2550950644615184,-4.964743945010006
5,SN89,R1,A193G,3085,193,H2227,59,3.2427307904919846,1.0,-4.971906248887572
616,SN89,R1,Q55K,728,55,H2227,12,1.0,1.7229472988600694,-4.9727385060537115
794,SN89,R1,S125V,761,125,H2227,12,1.0,1.2879451953887517,-5.027177383014042
711,SN89,R1,S261T,3813,261,H2227,94,1.3128132008084388,1.0,-5.047961083432874
196,SN89,R1,E119P,924,119,H2227,17,1.0,6.36328125,-5.083415263908793
422,SN89,R1,L164I,1639,164,H2227,34,1.1046569147056746,1.0,-5.0846879126222895
125,SN89,R1,E227L,2379,227,H2227,59,1.0,15.55217594759008,-5.089133559612421
737,SN89,R1,S76Y,1946,76,H2227,43,1.0,1.8082666498645328,-5.102345791237008
657,SN89,R1,R106F,6370,106,H2227,163,1.0,4.395499224004139,-5.1029088378095215
836,SN89,R1,T214P,1131,214,H2227,14,1.653355989804588,1.0,-5.114436811845565
403,SN89,R1,K133.5R,2168,133.5,H2227,47,1.0,1.3656875558918622,-5.148959808343663
93,SN89,R1,D101N,1328,101,H2227,25,1.0,1.397064906924062,-5.151494642411157
111,SN89,R1,E175Q,3806,175,H2227,84,1.510745936001981,1.0,-5.157596129450594
385,SN89,R1,K77Y,2010,77,H2227,43,1.0,3.374793136486369,-5.159654272331455
878,SN89,R1,T131M,810,131,H2227,11,1.0080254447279855,1.0,-5.172313742904935
197,SN89,R1,E119Q,1697,119,H2227,35,1.0,6.36328125,-5.1804970564689725
566,SN89,R1,P239K,4481,239,H2227,105,1.0,2.3110343125154285,-5.18214565953297
858,SN89,R1,T86R,1749,86,H2227,34,1.0560505992941258,1.0,-5.193501834369631
501,SN89,R1,N248Q,1387,248,H2227,24,1.0,1.4993845901370313,-5.256438245976697
953,SN89,R1,Y168L,796,168,H2227,10,1.0,3.569304301646309,-5.2685458332390755
218,SN89,R1,F121L,6849,121,H2227,155,1.0,4.872549019607843,-5.276105155053871
694,SN89,R1,S210C,2456,210,H2227,49,1.0,1.832911588015994,-5.2808041168538615
662,SN89,R1,R149I,1104,149,H2227,10,1.6373414779895092,1.0,-5.291198088883969
435,SN89,R1,L251F,1820,251,H2227,33,1.0,4.071926489226869,-5.325929461622673
182,SN89,R1,E103P,981,103,H2227,13,1.0,2.566301898937882,-5.342403745446883
952,SN89,R1,Y168F,2024,168,H2227,37,1.0,3.569304301646309,-5.344191355123016
967,SN89,R1,Y233C,862,233,H2227,10,1.0,2.8460420349636615,-5.367070688875004
19,SN89,R1,A218M,1904,218,H2227,32,1.0,1.5492700729927007,-5.404827029733473
578,SN89,R1,P87G,11913,87,H2227,248,1.0,1.7372330547818013,-5.421752910351746
138,SN89,R1,E70D,2028,70,H2227,35,1.0,7.98549186128804,-5.440123547947374
99,SN89,R1,E173L,2203,173,H2227,37,1.0,1.7999597504528073,-5.453031154647533
405,SN89,R1,K144G,2093,144,H2227,38,1.0,18.75,-5.46022370295062
638,SN89,R1,R212N,2489,212,H2227,41,1.0,1.8744159819558563,-5.510373179147601
363,SN89,R1,K172Y,2801,172,H2227,47,1.0,1.6044624746450304,-5.517709909726064
448,SN89,R1,L54R,1510,54,H2227,21,1.0,4.041286397218601,-5.534790985444993
620,SN89,R1,Q55T,1548,55,H2227,21,1.0,1.7229472988600694,-5.548591358109703
440,SN89,R1,L260I,3108,260,H2227,59,1.0,43.55113636363637,-5.571650562394623
252,SN89,R1,G263F,2798,263,H2227,45,1.0,4.117348900121022,-5.580443564518352
451,SN89,R1,L109V,1632,109,H2227,25,1.0,17.74144486692015,-5.582110111062701
857,SN89,R1,T86Q,6342,86,H2227,112,1.0560505992941258,1.0,-5.586300625421677
681,SN89,R1,S203L,3135,203,H2227,53,1.0,16.131034482758622,-5.5994969916972535
479,SN89,R1,N187R,3759,187,H2227,61,1.0,1.2550950644615184,-5.621840153368641
20,SN89,R1,A218Q,2365,218,H2227,34,1.0,1.5492700729927007,-5.64824796501374
597,SN89,R1,P122Q,7529,122,H2227,129,1.0,1.6463814092644176,-5.6530845965256615
673,SN89,R1,S167W,4548,167,H2227,74,1.0,3.1888849806542385,-5.659358925375333
429,SN89,R1,L179T,1329,179,H2227,15,1.0,6.4312567132116,-5.690916536719817
329,SN89,R1,I244V,3426,244,H2227,51,1.0,1.9214739088917598,-5.710263323930368
921,SN89,R1,V205W,2143,205,H2227,28,1.0,1.7534847242522549,-5.719873438236059
625,SN89,R1,R192L,1476,192,H2227,10,1.588123833955224,1.0,-5.734058904243972
291,SN89,R1,H208W,7649,208,H2227,114,1.8162719947377075,1.0,-5.747452444588053
259,SN89,R1,G263Q,9676,263,H2227,157,1.0,4.117348900121022,-5.753164704020924
142,SN89,R1,E70Q,3578,70,H2227,51,1.0,7.98549186128804,-5.796461590122319
126,SN89,R1,E227M,3357,227,H2227,48,1.0,15.55217594759008,-5.810470634012315
302,SN89,R1,I188F,4894,188,H2227,68,1.2111940988524406,1.0,-5.826459324628922
343,SN89,R1,K157D,1499,157,H2227,14,1.0,2.1137721829625757,-5.875639764741417
293,SN89,R1,H130N,2950,130,H2227,37,1.0,3.177610062893082,-5.877947223989935
863,SN89,R1,T93F,6882,93,H2227,98,1.0,1.9628781412004748,-5.888454723922639
999,SN89,R1,L237I,1413,237,H2227,14,1.0,13.204255319148936,-5.898708158231819
576,SN89,R1,P87D,3932,87,H2227,50,1.0,1.7372330547818013,-5.931145792564055
463,SN89,R1,N163G,2731,163,H2227,32,1.0,3.4390986601705236,-5.931521323823292
819,SN89,R1,S146G,4439,146,H2227,59,1.0,11.784732824427481,-5.935583803709724
146,SN89,R1,E246D,7703,246,H2227,106,1.0,9.934505761067314,-5.962061780022624
153,SN89,R1,E72G,2578,72,H2227,13,2.532702837232454,1.0,-5.968041471284534
672,SN89,R1,S167V,2408,167,H2227,26,1.0,3.1888849806542385,-5.973254187692602
301,SN89,R1,I188E,11509,188,H2227,156,1.2111940988524406,1.0,-5.989110918007578
697,SN89,R1,S210H,7694,210,H2227,101,1.0,1.832911588015994,-6.009160509232599
2,SN89,R1,A193D,3023,193,H2227,11,3.2427307904919846,1.0,-6.016734955778879
383,SN89,R1,K77R,1992,77,H2227,19,1.0,3.374793136486369,-6.016831128749088
149,SN89,R1,E246T,6756,246,H2227,88,1.0,9.934505761067314,-6.018654412862587
355,SN89,R1,K172D,1510,172,H2227,11,1.0,1.6044624746450304,-6.073897233734499
286,SN89,R1,H196T,2210,196,H2227,19,1.0,1.247752711245143,-6.1506174422102
613,SN89,R1,Q55C,1993,55,H2227,16,1.0,1.7229472988600694,-6.1633339673041805
164,SN89,R1,E78Q,5331,78,H2227,59,1.0,2.339506257453429,-6.168591705542973
547,SN89,R1,P162G,2102,162,H2227,17,1.0,2.044572201555631,-6.187242735090147
52,SN89,R1,A100V,2160,100,H2227,13,1.4252127849532765,1.0,-6.205851637352668
482,SN89,R1,N187W,2545,187,H2227,22,1.0,1.2550950644615184,-6.2111923382861525
327,SN89,R1,I244R,2256,244,H2227,18,1.0,1.9214739088917598,-6.235054547037302
567,SN89,R1,P239L,2435,239,H2227,19,1.0,2.3110343125154285,-6.2959622227921805
47,SN89,R1,A100H,3581,100,H2227,28,1.4252127849532765,1.0,-6.299887129329202
551,SN89,R1,P185T,394,185,H2227,12,1.0,149.41666666666666,-6.308966790428408
570,SN89,R1,P239R,2403,239,H2227,18,1.0,2.3110343125154285,-6.327683784845265
11,SN89,R1,A193S,3758,193,H2227,10,3.2427307904919846,1.0,-6.363397804730214
107,SN89,R1,E175I,4018,175,H2227,30,1.510745936001981,1.0,-6.371226258180186
404,SN89,R1,K133.5V,1969,133.5,H2227,11,1.0,1.3656875558918622,-6.4515432050840955
701,SN89,R1,S210T,2692,210,H2227,18,1.0,1.832911588015994,-6.487522884088215
729,SN89,R1,S76H,2717,76,H2227,18,1.0,1.8082666498645328,-6.500640109465671
108,SN89,R1,E175K,4109,175,H2227,27,1.510745936001981,1.0,-6.502746900627048
707,SN89,R1,S261G,5812,261,H2227,45,1.3128132008084388,1.0,-6.5367996541220545
538,SN89,R1,N142F,2873,142,H2227,18,1.0,1.591932589804032,-6.579592925951922
871,SN89,R1,T93W,2529,93,H2227,14,1.0,1.9628781412004748,-6.621164101897676
520,SN89,R1,N91V,3229,91,H2227,10,1.957473041110007,1.0,-6.66572840142716
594,SN89,R1,P122K,5356,122,H2227,39,1.0,1.6463814092644176,-6.667290100756724
561,SN89,R1,P221S,12840,221,H2227,105,1.0,1.3198949934370898,-6.694992670209854
323,SN89,R1,I244F,3258,244,H2227,19,1.0,1.9214739088917598,-6.710895966322836
371,SN89,R1,K219G,2574,219,H2227,10,1.2583644640414804,1.0,-6.728847106623249
589,SN89,R1,P122A,13358,122,H2227,104,1.0,1.6463814092644176,-6.7649352197294546
955,SN89,R1,Y168W,6435,168,H2227,45,1.0,3.569304301646309,-6.768911385561156
719,SN89,R1,S73Q,3236,73,H2227,16,1.0,3.2870906502135737,-6.864713116870697
573,SN89,R1,P69I,1653,69,H2227,18,1.0,196.22222222222223,-6.896560386197939
666,SN89,R1,S165I,2934,165,H2227,13,1.0,2.9157826369344013,-6.899946540382275
316,SN89,R1,I230L,2871,230,H2227,32,1.0,306.7857142857143,-7.023970390158384
24,SN89,R1,A218W,3689,218,H2227,15,1.0,1.5492700729927007,-7.1018391797363645
255,SN89,R1,G263L,189507,263,H2227,1259,1.0,4.117348900121022,-7.113276660254486
559,SN89,R1,P221L,3791,221,H2227,15,1.0,1.3198949934370898,-7.140163666757438
298,SN89,R1,I61T,4370,61,H2227,24,1.0,98.432,-7.186377296446808
782,SN89,R1,S113L,3112,113,H2227,10,1.0,5.7309045226130655,-7.198517792521069
438,SN89,R1,L251Y,4685,251,H2227,19,1.0,4.071926489226869,-7.238886742701483
642,SN89,R1,R212V,4470,212,H2227,17,1.0,1.8744159819558563,-7.267832717966845
119,SN89,R1,E198V,4171,198,H2227,13,1.1377986757508876,1.0,-7.312784014412113
144,SN89,R1,E70Y,5378,70,H2227,21,1.0,7.98549186128804,-7.350338807866374
378,SN89,R1,K77A,5267,77,H2227,19,1.0,3.374793136486369,-7.404572398592996
384,SN89,R1,K77V,11766,77,H2227,54,1.0,3.374793136486369,-7.41704159220261
484,SN89,R1,N199D,4108,199,H2227,11,1.0,3.787958906179181,-7.515704235626569
749,SN89,R1,S89G,13585,89,H2227,38,1.5794213205761212,1.0,-7.872084377405462
297,SN89,R1,I61M,6605,61,H2227,16,1.0,98.432,-8.076667682123233
542,SN89,R1,N142R,9810,142,H2227,17,1.0,1.591932589804032,-8.39812282328041
315,SN89,R1,I217L,182,217,H2227,13,1.0,1057.923076923077,-8.725233305791368
264,SN89,R1,G92S,577,92,H2227,11,1.0,1000.6363636363636,-8.83433033639551
317,SN89,R1,I230V,7549,230,H2227,10,1.0,306.7857142857143,-8.932459238690406
260,SN89,R1,G263R,12946,263,H2227,14,1.0,4.117348900121022,-8.970385342646878
