,antibody,background,position,site_sum_R1,site_sum_R2,diffsel_site_sum_R1,diffsel_site_sum_R2,normalized_site_sum_R1,normalized_site_sum_R2,average_site_sum
0,H2227,SN89,100.0,0.5464854486089695,0.3873563827728138,4.544409570120089,3.8215300560834735,0.29492462840105355,0.23717949857420384,0.46692091569089167
1,H2227,SN89,111.0,0.33590738789908825,0.3821479209996565,2.793305388328693,3.770145093559811,0.18128087729595432,0.23399034149137116,0.35902765444937235
2,H2227,SN89,118.0,0.1212671387351639,0.155751028456833,1.0084212621066198,1.5365881730230615,0.06544486393876181,0.09536683135920915,0.13850908359599845
3,H2227,SN89,120.0,0.22112827259146636,0.22093285201532095,1.8388365888728808,2.1796505024882413,0.11933743851553066,0.13527786139591214,0.22103056230339366
4,H2227,SN89,127.0,0.21072008777165918,0.08076663958146507,1.7522852363654975,0.7968169737645855,0.11372039958407404,0.04945366058080555,0.14574336367656213
5,H2227,SN89,131.0,0.08678564468825191,0.37406495248994964,0.7216834689271551,3.690401197561232,0.04683605771275145,0.22904111513707678,0.23042529858910077
6,H2227,SN89,137.0,0.5445844482327775,0.9632926584273654,4.528601419465102,9.50352701208437,0.2938987056963122,0.589827042659098,0.7539385533300715
7,H2227,SN89,142.0,0.10583183018727702,0.34167468805898105,0.8800658519830385,3.370849553255333,0.05711481114535532,0.20920845710410277,0.22375325912312904
8,H2227,SN89,157.0,0.3502582997629721,0.5992150931167617,2.9126432799051045,5.911658075730248,0.1890257081225491,0.3669012352557084,0.47473669643986693
9,H2227,SN89,159.0,0.36197649852135255,0.6405111694800072,3.0100883165802848,6.319071517302527,0.19534972905145387,0.3921869491887125,0.5012438340006798
10,H2227,SN89,162.0,0.019597714457189008,0.4307121620185269,0.1629687329432559,4.2492638455885965,0.0105763999178908,0.2637263748853222,0.22515493823785795
11,H2227,SN89,169.0,0.2973291173443127,0.07696872100586248,2.47250002680616,0.7593479642614286,0.16046114250396054,0.0471281834144324,0.1871489191750876
12,H2227,SN89,172.0,0.18346270453642557,0.37842829604921757,1.5256209884044158,3.7334485030874727,0.09901026660194502,0.2317128037512828,0.28094550029282156
13,H2227,SN89,175.0,0.5846538876668483,0.5268450857516633,4.861806895470067,5.197679500432286,0.3155231873095229,0.3225888582766704,0.5557494867092558
14,H2227,SN89,187.0,0.0660913606081098,0.4506663242105244,0.549595990916605,4.446125015178274,0.03566786639512891,0.27594436945995154,0.2583788424093171
15,H2227,SN89,188.0,0.39804392036274006,0.06420556433671261,3.310014211044201,0.6334308786243885,0.214814421132517,0.03931326352762518,0.23112474234972633
16,H2227,SN89,190.0,1.8529664734063198,1.2776221412268338,15.40871508343606,12.604597807491558,1.0,0.7822919468999869,1.5652943073165768
17,H2227,SN89,192.0,0.19053128292408528,0.2842237689367495,1.5844011724949343,2.8040577719927637,0.10282500285816314,0.17403108351212085,0.2373775259304174
18,H2227,SN89,193.0,1.3363538558816257,1.633178184039485,11.112719043468537,16.112396219135576,0.7211969968485172,1.0,1.4847660199605555
19,H2227,SN89,198.0,0.11446616906153512,0.16326483856637009,0.9518664320565158,1.6107169403451709,0.06177454946128154,0.09996756028331988,0.1388655038139526
20,H2227,SN89,199.0,0.024976580387585583,0.11234211202675318,0.2076977735292524,1.1083301496181392,0.013479240313329028,0.06878741898749066,0.06865934620716937
21,H2227,SN89,210.0,0.09958763227243601,0.28451013597652336,0.8281409693824927,2.806882974566512,0.05374497256248973,0.17420642692692545,0.19204888412447968
22,H2227,SN89,212.0,0.22546642945313272,0.13478450319053936,1.8749114040560113,1.3297393639154862,0.121678634065438,0.08252896377611711,0.18012546632183604
23,H2227,SN89,214.0,0.68435714574069,0.4247260387219009,5.690909374440414,4.190206731481625,0.3693305602462585,0.2600610532718409,0.5545415922312954
24,H2227,SN89,223.0,0.48738954659366024,0.313929958566649,4.052985720945631,3.097129221363867,0.26303203732428526,0.19222027433049477,0.4006597525801546
25,H2227,SN89,226.0,0.4512687431404211,0.46546332929808587,3.7526159209607446,4.592107377150353,0.24353853651267146,0.28500462095741075,0.4583660362192535
26,H2227,SN89,232.0,0.13920329966618275,0.4031143422296399,1.1575730127957018,3.976992876279532,0.07512456467184993,0.24682814537271205,0.2711588209479113
27,H2227,SN89,240.0,0.5159455692596042,0.3271496582697391,4.290449066068544,3.2275504096921,0.2784430137643766,0.20031473691411353,0.42154761376467165
28,H2227,SN89,241.0,0.4954705282421534,0.06962739875667864,4.120184747805088,0.6869209051645224,0.2673931424842927,0.04263306933506973,0.282548963499416
29,H2227,SN89,243.0,0.22334440413021867,0.39087884075243895,1.8572652760391828,3.856281462382937,0.12053342968458747,0.23933631037468522,0.30711162244132884
30,H2227,SN89,261.0,0.3899262147475143,0.39598852135576174,3.2425097986592966,3.906691882530931,0.2104334969594515,0.2424649834449344,0.39295736805163806
31,H2227,SN89,263.0,0.14738496816100916,0.2918875002502139,1.225609321359964,2.879665612365771,0.07954000802295708,0.17872360964819076,0.21963623420561154
32,H2227,SN89,60.0,0.5565803179809814,0.08759810217730972,4.628355485057173,0.8642139260237716,0.3003725787643725,0.05363658603413716,0.32208921007914554
33,H2227,SN89,72.0,0.34517579990917213,0.09655305530347733,2.870378730987043,0.9525605340685376,0.1862828091404338,0.05911973123757021,0.22086442760632474
34,H2227,SN89,85.0,0.07753389957009375,0.05838069670439018,0.6447487231580072,0.5759646596084921,0.04184312057603649,0.03574667925087758,0.06795729813724197
35,H2227,SN89,86.0,0.25384698429827124,0.37029527323526645,2.110915611252844,3.65321078786553,0.13699491487917898,0.22673292899332162,0.31207112876676885
36,H2227,SN89,87.0,0.3804763387637616,0.3895794274766686,3.1639274558607378,3.843461880443732,0.20533363351379452,0.23854067564941825,0.3850278831202151
37,H2227,SN89,91.0,0.34063433268594007,0.11739588150629449,2.8326132476348778,1.15818896909682,0.18383189203620606,0.07188185750554714,0.22901510709611728
38,H2227,SN89,98.0,0.6600013471640067,0.7238985208820964,5.488373836812597,7.141743567777497,0.35618634046342035,0.44324527963728594,0.6919499340230515
