position,*,-,A,C,D,E,F,G,H,I,K,L,M,N,P,Q,R,S,T,V,W,Y
52.0,1000.0,1000.0,1000.0,-10.87719371814837,-5.656566990312886,-5.8907760235952065,-6.644155722578311,-4.530837526301729,-7.493898332137075,-5.582587996208192,-6.58076128633242,-2.062780114910586,-5.810815983944718,1000.0,-5.144516297319365,-4.778485485616634,-4.068621539399009,-8.051723200629787,-6.230436983448575,-8.61441223083557,-3.930747090456664,-7.34567878697188
53.0,1000.0,-5.397151812735824,-2.7408802863318216,-5.907903331821407,-5.062802343415604,-6.841193372426066,-7.045162754651933,-1.3611630899052987,-8.42247031001947,-4.596518853275105,-6.2588108511858955,-7.750484520705093,-4.16642444697674,-7.078041992953022,1000.0,-5.950548541294446,-7.052643530829809,-3.088408755699163,-6.47502868631595,-3.9400916418068066,-6.039457750359201,-5.561744469161957
54.0,1000.0,-6.2099048491571365,-8.190750327387303,-4.093015658482023,-7.819083044577171,-5.779233197600188,-6.9665892481252545,-6.002325489129614,-3.354792554752592,0.1122211086139701,-1.01876079583271,1000.0,-2.8070051199426214,1000.0,-5.208877637557381,-1.5828511630138928,-3.1597865877973166,-6.153827088387157,-6.813458716901341,-3.5520792614037138,-9.074946490498077,-7.168789788583621
55.0,-5.479776781907334,-7.0469831789807635,-1.4954298967527864,-1.2806230493420745,-1.9496076514203893,-1.7528560239807986,-1.9590418185419622,-0.6006961328442547,-1.5361996518273415,-1.336424575922245,-1.16954850549054,-1.8410892057455968,-1.0795804638867634,-2.493869838509286,-1.874919674697755,1000.0,-1.1216220168246442,-1.918846140311948,-2.006176108461753,-1.7404105311339702,-1.2186935833310306,-1.8188581033189075
56.0,1000.0,1000.0,-5.429656563233543,-7.508031477984515,-3.756559416227065,-9.071114974005035,1000.0,-6.7517637471345955,1000.0,-8.56617471848761,-11.62179935972264,1000.0,-2.060041410562996,-11.408708524383446,-9.976647726971706,1000.0,-5.96207684976082,-10.342151269167365,-2.888912534294949,1000.0,1000.0,-10.37718487829095
57.0,1000.0,-8.478767383233802,0.004301887139985583,-1.171965398516456,-1.4015977924555187,0.023932228017968016,-4.153145729242663,1000.0,-0.5990628543674194,-0.10479627058623797,-4.686381076675153,-3.1635778542960336,-1.4632938016755586,-1.1242431604082026,-6.5859585687050854,-0.9144634405247078,-1.5981995929002029,-1.894898639108721,-5.5334247188982655,-3.3980274631340626,-3.560167775592423,-4.199024230058919
58.0,-4.347418683470776,-7.111166705009547,0.9446418758389012,-1.9857056961368225,-1.711077512003614,0.49838063802523347,-1.294718766310297,-0.8658005590012556,-0.2672182337254288,-2.313533807926291,1.3610773058441752,-1.3647759388427252,-3.250578947239145,1000.0,2.6613965648909854,0.15208432615461565,-0.8264089392230086,0.9574630706783729,-1.591838443003519,-1.246350678737934,-0.9849711021428904,0.4641549648874368
59.0,1000.0,-7.692176263731701,1000.0,1000.0,-6.570391347393919,-7.012471549037875,-7.867574772373445,-7.690196491482976,-9.5600506203085,-9.24570679104983,-11.676058154079136,-9.885105332376504,-6.332789450520151,-4.044019911381621,-8.88678457236811,1000.0,-8.671387054612712,-7.081533289625764,-8.200471067550328,-4.442222504383081,-4.414042580276045,1000.0
60.0,1000.0,-9.264810072044144,-1.9212282273851566,-3.272785542229096,-2.063865147616222,-6.112254163377471,1000.0,1.3923881956571167,-2.1465481398123174,1000.0,-2.991960207696557,-6.862703294236921,-2.423555738032971,-4.259897924204404,-7.492925627740213,-2.2378834166325543,1000.0,1000.0,-5.187632093729669,-5.771390692850815,-12.943966386788638,-9.252086099386336
61.0,-3.6145265247428764,1000.0,-3.5191339237236603,-7.997871327598952,-5.0093099034955095,-4.828203149349716,-4.949986129651121,-7.839436228040132,1000.0,1000.0,-10.108730215209407,-3.768354124334125,-2.460207987481521,-11.055998173886287,-5.9608250891356676,1000.0,1000.0,-4.306050635618917,-0.7312475219488458,-1.5709209898752277,1000.0,-7.097953622773728
62.0,1000.0,1000.0,1000.0,-2.105679519696294,-0.19109217861736938,0.8144919510155059,-5.456142148020044,-3.457364353308235,-5.162890545658805,-1.8947608944112972,-1.9370710674812488,-3.4592608976333556,-0.4778517213233796,-3.0709090356831545,-0.05504335074096839,-0.6284456314120936,-1.0340317539925912,-3.7317450412835087,-0.35203558901961207,-4.013744200166858,-2.9212324390786364,-1.739468400795507
63.0,1000.0,-8.549683431158996,-4.147367589596953,-5.702699950535853,-3.1425231308420893,-4.124874374386705,-6.363145182833149,1000.0,-3.1854689522070907,-5.369343495147621,-9.24814558673847,-7.618986486660121,-3.5442797871334695,-5.289007987804947,1000.0,-5.1529663706690325,-3.8973600893818117,-7.237131401478367,-5.463594526575733,-5.012430666019425,-8.03647400926723,-7.181666230658312
64.0,1000.0,-8.257015438899675,-5.071071033771528,-11.098209597712078,-8.090895893059614,1000.0,-5.647854598484608,-5.547552256632282,-6.940895713422538,-6.866725538634602,1000.0,-3.169713582921001,-8.99748933559628,-6.05753996009938,-4.881098863438327,1000.0,-9.808269627851715,-11.049158573677845,-10.022929509332846,-4.882679290128383,1000.0,-4.9789988152533535
65.0,1000.0,-9.46564327479123,-4.009021996243471,-6.108170625417117,-9.610147498813397,-9.324209271146687,-6.061386936343132,-9.58749944015123,-8.08368070306676,1000.0,-7.051710057068961,-3.5127608172565155,-3.5082716638101044,1000.0,1000.0,1000.0,1000.0,1000.0,-3.9150642095438837,-2.338003883289921,-9.015042708317319,-8.815725948938976
66.0,1000.0,-11.4387641273725,-7.844437079406628,-10.489421821408193,-9.881440447905678,-7.056734094572043,-8.211431887596461,-6.91172702624067,-6.057128683783979,-2.2897072948825765,-7.178247623714604,1000.0,-3.7811413667905063,-8.034086715696493,-8.030273170776809,1000.0,1000.0,-5.628824081224826,-3.2879600764656534,-4.46555209461527,-10.285745198699658,-5.964957968853929
67.0,-6.624397735168771,1000.0,-3.1465511022042736,-2.848092902507543,-8.981199957972743,-8.719054872867062,-6.843620907502124,1000.0,1000.0,-11.06440512553465,1000.0,-10.33430599286904,-6.353530016858164,-7.726323242068933,-8.667086301658133,-10.246812344390626,-7.548545032800048,-5.531445977795871,-5.692015497845708,1000.0,1000.0,-6.323845991841599
68.0,1000.0,1000.0,-1.568628955956949,-4.667284270964117,-6.234104578524122,-3.8074475709120392,1000.0,1000.0,-4.753284179177405,-5.9262941554041095,-7.330476875327598,1000.0,-10.433123367753858,1000.0,-6.329128221906586,-1.9438014894279863,-7.787658267847983,-6.516155384343612,-4.033736123971019,-4.373259715132711,-12.346290073799711,-8.218598277192893
69.0,1000.0,-10.615695835287044,-6.154704291596926,-6.952206885999211,-6.51836329480143,-8.231732294120755,-5.671223976153025,-6.788863535312101,-8.66085608299301,-4.658642596238279,-6.833036839320046,-6.5913633739261694,-6.791578312695348,-6.385127594943212,1000.0,-5.8012917316691635,-5.256785000297569,-5.238021230234792,-2.117019494111244,-5.033686260676658,1000.0,-3.828739019722658
70.0,-3.3217295393894863,-8.66533966824815,2.583761940933063,-1.829765092400246,-0.5526732759852021,1000.0,-2.563452784627386,-3.7148801496459907,-0.9771581083027856,-1.4033855439795007,-0.6925775908253582,0.033378771524043005,-1.5433137279362144,-0.8123867547166325,-2.640211354846799,-1.0342455546516853,0.2814492671176174,0.43622436235735096,-1.2691469866478986,-0.3037932348742465,-2.148868707763162,-0.30845027224575405
71.0,1000.0,-9.188822619066963,-6.595986745945207,1000.0,1000.0,-6.5179499516936,-10.004871087769356,-7.191167183626626,1000.0,-8.449527138777354,1000.0,1000.0,1000.0,1000.0,-9.763757920553207,1000.0,-10.27788900084735,1000.0,1000.0,1000.0,-7.7782039046504545,-7.1034832932016245
72.0,1000.0,-6.133892794920227,1.2707506970107232,-0.944596976454372,-2.367392600977917,1000.0,-3.1692134730382446,0.09352895934355737,0.44670984161305594,1.3201762014954646,-2.2988020981542823,-4.19071804688181,-1.7450817609013147,0.10759995001181,-3.7221839953057723,-0.5367496272525812,-3.5749300537840916,-1.6902506506324848,-0.7328381416320009,-2.7237739140909527,-1.540784730406953,-1.375775181674558
73.0,-5.037217713228836,-4.55188926701571,-1.1080255304970104,-1.092628152384738,-0.17190417190987706,0.20236511897481596,-1.817659359694155,-0.7110429271493697,-0.10468517973490865,0.2825648367067738,-1.6513955101259037,-3.2664076310554604,-0.1677420211577727,-1.7226292581321647,-2.220127329595548,-0.31528881597599123,-1.1625235819707622,1000.0,-1.1640956434736176,0.8122201306395517,-0.6301617644732156,-0.21143063069919332
74.0,1000.0,-7.8854959545786585,-0.22306773213514475,-5.372113187100872,-3.3808331311473694,-5.106983021830735,-3.0801771389567048,-5.7280454964179315,-2.017350948281547,-2.314072645703242,-3.5269539613607503,1000.0,-0.5748485494390865,-5.415324792959272,-4.132444873056017,-4.654471334923519,-3.998416882854883,-2.0876780019173684,-3.127178909796477,-1.672711910793725,-3.5736977511199943,-3.559372238522294
75.0,1000.0,-3.8206821307057277,-0.11227668346502906,-5.781643284868336,-1.782761178450774,-0.8240164634946092,1000.0,-4.711977144667921,-4.343296887696681,1.1058684443346283,-6.62061511362544,0.10907967403685015,0.020603889608896253,-1.764908688402748,1000.0,-1.5590548596286404,-5.546848502814147,-2.222050926031665,-0.6162915285835653,-1.2227626316053997,-3.344446703707164,-0.0051387508011147
76.0,-1.4856172521880244,-7.498356214561811,-0.060499487540177616,-2.2890926318410814,-1.3360174824369562,-1.748628464602326,0.35841055305644,0.8529573833112181,0.7900950623784642,0.3560295999531672,0.7133600104465512,0.2392451560042611,-0.4535511623367182,-0.8592386949393986,-0.605799816338877,-0.33654283128690005,0.4528199488619111,1000.0,-0.2723216212061643,-0.8323046706547982,0.5057115796320139,-1.5888767589244246
77.0,1000.0,-5.728971938648724,0.3081864492202411,0.6200955078166208,-2.773401660982822,-0.15820972748833795,-2.0357216359637498,-1.2396064074706665,-0.7773062923061487,-1.3303821762869106,1000.0,0.541361099053321,-2.4881988585325523,-1.9505007143857545,1000.0,0.6496454425977566,-0.0865727492105489,-1.706683927581658,-0.49250388312516713,1.3762437357928725,-0.20779814832354898,-0.70359498055149
78.0,1000.0,-3.5182530896316395,1.6776510521729695,-2.717146588171399,-1.6084717059705784,1000.0,-0.8015545161932567,-1.823064879596466,-3.45558870210628,-2.1279162156837947,1.667899603893231,1.1373948607106046,-1.4574582097611204,-2.089093501393157,-3.114391803694292,0.43833782800633025,-1.2321491581625552,-1.8202197125950748,-1.5627291843601416,0.5271495457160301,-1.0698327502254619,1.8357990444586463
79.0,-1.3330852365164623,-8.983731798579798,0.34998728859839895,-2.7660751522786082,0.2599561112121408,-1.8846652510243596,-4.544447790807933,-3.2870681470020835,-3.0793928468367477,-0.5610896233596416,-0.5667902284221493,-1.665398965534509,-0.6541691672715427,-2.710955911987175,-1.4826082313947593,0.600097043365959,0.7137847282805255,1000.0,-2.2033627696210742,1.5727052654264428,-1.940149812496597,-2.87671963526485
80.0,1000.0,1000.0,-7.068694543295081,-5.6312275327981105,-2.60870717565173,-7.720866529863777,-4.345028728956641,-10.98942719049704,-5.561388219131997,-4.738452563051236,1000.0,-4.905919380269956,-9.44113827266122,1000.0,-3.47731291147337,1000.0,-6.360407316535169,-7.779548403820048,-8.317729969125082,-7.045253957927477,1000.0,-7.582796391534005
81.0,1000.0,-11.784807835671423,0.46854762568980185,-4.3833065924950905,-9.703739818326806,-6.107487095489786,-7.497117848282831,-1.1666154389460432,-9.783480000146042,-7.019864376963038,-9.636693069726963,-5.023047259977003,-11.049340352458309,-9.240120940000725,-3.9047905196599295,-6.106025876893815,-7.915240240484007,1000.0,-4.24675885031159,-7.458397743490309,1000.0,-8.672643456122447
82.0,1000.0,-9.9413541281308,-6.724775152919628,1000.0,-10.098862449027362,-4.787041839584494,-1.0383851649803604,-4.533346473418568,-9.633542281395417,-3.454103560826943,1000.0,-7.215335841054088,-4.0947782879994845,-5.796942489919047,1000.0,-6.951978807382721,-4.339381404993688,1000.0,-9.971394208837157,-6.919690093665187,1000.0,1000.0
83.0,1000.0,-7.667654809325988,-4.952236231275712,-7.0524548371361995,-5.49135436540514,-8.339213121671932,-9.526366961557525,1000.0,-6.501660570982169,1000.0,-5.084647472404341,1.3360118686774156,-2.7062555970642093,1000.0,-6.530937125527185,-5.15406489718624,-5.568680695937002,-10.405175468959275,-4.585965849885654,-1.0590817988280248,-5.653611893017963,-9.40292791419539
84.0,1000.0,-4.17065947238607,1000.0,-3.728716064254148,-7.820835303620012,1000.0,-0.2959175124322342,-3.3620353485134413,-3.180383600148315,2.0577454053372404,-0.8160309688715055,-0.384528217466626,-3.7291064873280613,-4.0414854589402625,-4.3798770938837,-3.3618333425628086,-3.6898393283191497,-2.6098781960848134,-0.4744316379146415,-0.9333145680486563,-1.8359885043273583,-8.39130653671787
85.0,-11.025358369178416,-7.585382450101283,-1.3077337656793702,-6.671209488085983,-0.7261156655402106,1000.0,-4.407964107313016,-2.8703457947261435,-2.9953421336352077,0.053281412983567145,-4.605596516507091,-1.4818577363369054,-1.1238331006978166,-3.4844764685365455,-7.22745814964822,-0.07474185817586643,-6.507846645243274,-4.515792535243757,-0.2169950671557781,1.4808313183229733,-4.077855400816809,-3.3994019570590295
86.0,1000.0,-4.332649012077698,0.0691041352118619,-1.121633359075069,-2.0277069008980617,-1.317802657663745,-2.260991265170908,-1.9829354010793065,-2.4962539917230764,-2.5758682569539735,-0.8732971375605041,-2.8742936764878193,-1.97617448356372,-0.901851396366896,-0.21014891038122363,-1.9372793745322605,0.550351282942705,-4.890469681118712,1000.0,-3.1391440333098197,-2.0377397362874916,-2.631904757375078
87.0,1000.0,-1.8421828245496306,-1.6640968513106293,-2.9664094054500767,0.8462461872099033,-0.004586260906212725,-1.7116175255762287,0.36671602473706266,-0.08977808243937285,-1.507623858964662,-0.5893916065082907,-1.595486047891759,-1.536060796972837,-1.682120898508127,1000.0,0.581185049416931,0.1345943434701813,-0.9309741734331977,-0.2709057124634888,0.6574582077986951,1.970399047177442,-0.23936562339059392
88.0,-9.041439991156961,-9.184496376042452,-6.583996888637209,-4.824510168880001,-5.423097197088003,-2.975799457405444,-5.224999489838925,-10.25626376658617,-3.774471595631155,-7.452226459550168,-5.906021732893365,-4.421044029059466,-5.417205303590173,1000.0,-4.438342007567899,-4.426664898553973,-4.578375952512609,-4.058298058074445,-6.200632875068228,-5.541288965165528,-3.9874655695083927,-7.02669660447986
89.0,1000.0,-4.185013582788693,0.19704474090198504,-2.1174748088284123,-2.185210169949832,-0.983418613773652,-1.364070988276331,1.6556106419793657,-0.9260903398671718,-1.4884949611877685,-2.756322399532312,-0.36843034740380964,-2.4407530802038355,-1.3903741950521828,0.6755769152570952,0.07446199496160094,-1.6251942365997656,1000.0,-0.4513645809103032,0.02459817657670904,-2.794664553753865,-1.4390433030263898
90.0,1000.0,-2.1932978329931316,-3.1926249908246156,-3.587122061183435,-0.4511647910217842,1000.0,-2.936824443236722,-1.332311269445146,-0.04911575317772086,-2.775878745422755,-2.390851914623473,-1.4073348347923917,-0.764540654993383,-4.390321130915611,-1.1636394127996106,0.04141198697078785,-3.2542729585102426,-1.5845889790860164,-1.3410223849535055,-1.0373234723182907,-1.6397835000024659,-1.7976129721548866
91.0,-3.4561572059551735,-0.46724571016408395,2.275398741060826,-0.8370165318412652,-0.8257453176856191,0.7389530563948723,-0.4551182682744252,0.43113590931040524,-0.21095245980791566,0.03065388593373855,2.702225894556998,2.3755714901234946,2.608390027159253,1000.0,0.3959199678056666,0.0018810479100480615,0.12522247035508755,-0.3056846316366768,0.09027707831502929,-0.5243244427797144,0.8583104721734188,1.6107600988717097
92.0,1000.0,-3.51095477179728,-1.4625651603793268,-5.1354058925620905,-3.4662431836371765,-4.331524790356896,-1.5011872082715711,1000.0,-2.4639715667578734,-1.8332522752278535,-0.9909143367889721,-1.26239876690872,-0.5734065065284835,-4.04337679004247,-2.1749478926834978,-1.3557956099592594,-0.1873278446055547,-0.5729238166453007,-3.110374141720116,-1.2681212337175947,-2.321341211007858,-3.0132866803694096
93.0,1000.0,-0.5993062715087927,-0.6588544974326103,-1.757647025892739,-0.6615261702054155,-0.0719348964574007,-0.029253873538738706,-1.352507477318064,-1.365808333182035,-1.7669301709268677,0.7887702016991676,0.512641253000722,-0.7980383947550159,-0.7462226842516017,1.1831768098425852,-0.9693270321178821,0.7879245718657945,-1.0704352715239422,1000.0,-0.8868913525127422,-0.4802252312090062,0.6013400526797078
94.0,-3.497132859218355,-7.501267493923483,1000.0,1000.0,-4.373283950339876,-7.321618965039713,-6.969924411916473,-8.27000313811163,-8.97799876429875,-7.723082140215586,1000.0,-5.861107512594734,-4.905904225920498,-6.2774932922364854,-6.2582575324049134,-7.829898315639332,1000.0,1000.0,1000.0,1000.0,-7.710286256938289,-4.434575969376129
95.0,1000.0,-7.792528184017613,-9.377899764560748,1000.0,1000.0,-4.65494272884299,-3.3664582655338378,-5.706964315140485,-5.2466482837411945,-5.223141581367536,1000.0,1000.0,-4.218824605937041,1000.0,-5.6897152671072675,-6.7374766796329615,-6.101146425082869,1000.0,1000.0,-7.007222295883649,1000.0,1000.0
96.0,1000.0,-6.353438561918674,-4.6267858140475315,-7.350296497740822,-3.3576421628363766,-3.914012687490941,-7.381579558497212,-8.073928437483188,-1.7988150570469565,-6.706474928128172,-7.630343175829635,-5.688861644190231,-7.698661346352612,-6.563746841718325,1000.0,-3.749959842352865,-3.709828404325405,-3.3757245116609784,-6.464753852146939,-7.180272785781896,-7.058374044637791,-8.881908666377896
97.0,-6.452913368212048,-10.521951662520763,-8.667740198581987,-9.671784917689223,-4.813299369283329,-9.537609786100887,-10.734542059243202,1000.0,-6.434939569730114,1000.0,-6.066128732851912,1000.0,-7.560931038354971,1000.0,-10.257080326477995,-7.350225240998274,-9.995615115892278,-12.104973444121672,-9.203928266994529,-9.738553845109319,1000.0,-6.357106075327093
98.0,1000.0,-8.503179483160507,-2.0936891215431763,0.6862460954390384,-0.2189571760209622,-2.281624287527033,0.4562269143687666,0.8089035256594062,-2.104064886226302,-2.0980148745701572,0.7713472679683115,-1.1597599980909776,-0.16501173422406124,0.9992400773975215,-2.88492597595755,-0.6011390973684692,1.5194988962497222,0.9187701909188849,-1.2516461925536826,-0.22377205153525687,-0.0985311293757599,1000.0
99.0,1000.0,1000.0,-5.944192923290824,-9.930569689722756,-7.3642582865669315,-8.282122461101917,1000.0,-8.142935170341621,-7.518208906507711,-1.5592880025026148,-11.03318980868169,-2.0232658098161482,-0.5946370337617246,-7.152672672488956,-7.510231747984122,-7.404187733150888,-7.374380762785789,-8.18078923080248,-6.258415938656659,-3.420485461309326,-4.564723626815217,-8.57182541117918
100.0,-5.350756019138847,-6.938750176117857,1000.0,-1.529721836026996,1.1147629093549936,1.3048548387433248,-2.034147555750601,0.3169535334937864,-0.29411205540852015,-2.9625556451196475,-1.8154353652727873,0.40880019396427625,-1.5676837291773604,-1.3688465497518143,-1.3128560277134806,-1.2409098145773163,-1.095212993347412,-2.231479844957645,-1.3689713339855505,-0.977164308803701,-0.3587097813971626,0.8688518147763105
101.0,1000.0,-9.278764778379951,1.2430715774402237,-2.2894455299424314,1000.0,1.5422130069855435,0.6772953399190397,0.389063987676009,-3.7453120631550014,-4.684467401642049,0.6106745335274885,-1.4044989301169497,-0.9794726563610582,-0.022996989345625357,-7.990367032776937,-1.3760300474752742,-3.9209370646656723,-1.1299928321652353,-3.533893362629968,-4.572052969647775,-2.312063845239138,-0.9409547478226961
102.0,1000.0,-8.388307160953005,-5.981718496337084,-2.322899583071335,-5.572156036104498,-2.5125332563744944,-1.5791264442597193,-2.8242117217518534,-4.400860776265734,-3.4830118445702203,-3.613897233504197,-0.3892145880832388,-0.9925993068437047,-3.0459250528612505,-1.7354595145001679,-3.7648404878405066,-2.3815375432531,-5.859537487437547,-1.2094330506878872,0.13690542323322774,-2.0231239839002253,1000.0
103.0,-5.291988975104532,-9.578057500691841,-6.28934728806893,-1.4814985026279521,-0.142565682421148,1000.0,-1.125685262904573,-2.0723856952164206,-3.7866975641212663,-0.4075086590220972,-2.101369054738603,-6.366320462274698,-2.9182642561924883,-3.759428883646412,-3.4001981790974583,0.10063618137198041,-3.7249474920083747,-0.9094001299548801,-2.3624241780322364,-4.731629478505444,-0.6192407384185789,-1.4323952751863653
105.0,1000.0,1000.0,-7.178586063663132,-7.0321921862729635,1000.0,-7.9501071623143975,-4.308397939558228,-8.672242239180733,-11.783117231771243,-0.7032302489255378,-6.714599955628895,1000.0,1.2832305676465028,1000.0,1000.0,-10.064351374309087,-11.262298084942485,1000.0,1000.0,-1.2951243871463718,-8.287028397556917,-9.443559432690225
106.0,-2.151573897597843,1000.0,-3.2131267525920553,-1.8974538824871834,-8.094491954397416,-3.490275154691552,-0.6801504399515903,-4.89762272674351,-2.436509273426148,-1.6198680728115342,-1.1141818196622308,-4.115992157129388,0.0817172213200082,-1.4753975281900262,-6.546432284005241,-0.5468772717555841,1000.0,-1.4118802575811575,-4.043725097759597,-1.061215874230767,-1.2825141969083942,-1.2346156520338205
107.0,1000.0,-8.042783232383766,0.7834989224214068,-4.853184799002159,-1.1030491604126849,1000.0,-2.091136171412461,-2.1765715889481005,-1.6171328108059269,-2.120042902822241,-6.028350987320594,-1.5450108064959152,-2.4217467256256167,-3.782860144122159,-8.005191518834964,-3.765450118023872,1000.0,0.8147882114694165,-2.1526245582677515,-2.5745939689393853,-1.273266545444175,-3.3853345462592737
108.0,1000.0,-8.925761997828051,-0.3864828079860817,-0.5255829032190297,-3.127484939281796,-2.7891287402459968,-1.6910602232140772,-4.1164599561067,-4.411361559293731,-3.5538052081116263,-4.297317334137307,-3.075087807550033,-3.6047633564099657,-8.799223541001789,-9.768287880195196,1000.0,-3.2007370258097394,-2.6397147507395955,-2.1017805359469377,-6.415202275929041,-3.2837385580987077,-5.7480355815449276
109.0,-4.922329717189211,-10.820712672933409,-7.415003282373727,-4.425084759746843,-7.0749164260814865,-6.610440369271152,-1.6979212492566198,-8.274743916299158,-11.117779784571427,-1.0209699463733695,-8.923761676549141,1000.0,-2.5079873352155055,-6.604589363027483,-9.609550844347822,-9.177181879988368,-5.090115664952949,-7.6966917517888715,-7.499461831618138,-1.6489514094005868,-3.7750898598475713,-9.16911927297885
110.0,1000.0,-7.696126829230945,-1.3305556845156272,-4.413753863622393,-1.5564404893679193,-0.5531057952625705,-2.0110461182463855,-3.1096131084643486,-3.0113129990577105,-1.499677887480543,-2.386654509354279,-1.2583848091220007,-0.5513873897942119,-0.18264362101752896,-5.175913555884966,-3.7761020679928974,-3.400999217698984,1000.0,-3.0897153681397223,-5.536853458861438,-2.5566964816143454,-2.801709107296066
111.0,1000.0,-3.427696179327167,0.6154452711234544,-2.6769719257874947,0.7122038502818696,-0.6717411642450667,-1.262006295089633,0.3331340112545242,-1.9643593564905748,0.24862925983900633,1.3371565635626643,0.5166425730756297,-0.2788070050754127,-0.605937264277803,-2.232396951938666,0.22999495746762388,0.9136701242312806,1000.0,0.04596193647500596,-0.9234750876385449,0.4412675203608144,0.42214828016646405
112.0,-2.361998264101129,-5.739902324463342,-2.842538514850115,-2.239152123244728,-10.531996042975045,-8.686618176331134,0.6035948869127984,-6.305464948844677,-2.365471606963779,1.2692200096942208,-5.22401245805771,-1.4519157614858655,-7.820030231648226,-9.288210343978266,-8.949949536041586,-8.756378469225908,-3.373362317219959,0.9571181044097448,0.4234318872164591,1000.0,-3.906517748801276,-6.854932216164278
113.0,1000.0,-6.83752111499631,-0.20341234223288057,-0.4462650170205334,-0.3663962463656894,-1.1315413010955138,-1.3090485087459502,-1.5463527221140925,-0.27844299044073406,0.24810907365864132,0.13231594701149918,-1.039841160065492,-0.13075807990464172,-0.3570722941519596,-0.5591978175051752,0.2709466726730513,-0.5501173175190338,1000.0,-1.794796437946358,0.6328538480644496,-0.45162211083099857,0.09701746533894036
114.0,1000.0,1000.0,-2.1525109942522778,-5.293889802741545,-3.831038919615027,-1.9484309446441899,-6.55511640151242,-2.2729536652290645,-2.0779731439570166,-2.529262208571438,-3.103562929730881,-2.8861678951116643,-1.4008835828781714,-3.9726975818779255,-7.079955896026966,-2.6808760937708267,-5.03002449835127,1000.0,-2.800272031542227,-1.1973723886227268,-7.115066049816528,-4.735206087712523
115.0,-6.644467597353612,-7.311634239111978,-0.5992337607511197,-5.424008383490313,1000.0,-7.755893780600166,1000.0,-3.724613005635982,-2.4154552082388148,-2.0313389375674227,-11.662726080529694,-2.1785525274387174,-2.1750081214160524,-6.945381863010951,1000.0,-3.8200764324943552,-7.355713812656999,-2.0516119601444154,-1.7898885183324171,-0.47847761515750853,-0.7834163906235498,-4.526103818575274
116.0,1000.0,-13.203353299653545,-0.8718292381260454,-4.484217505672623,-1.9111998079330268,1000.0,-4.758399697101317,-3.3360605816037276,-4.008418791181897,-1.9732152693864617,-1.6211312589426752,-0.37862927630603704,-1.7960426245457584,-0.7368654019929304,-8.25301338655334,-0.7031559214415369,-4.1688779869996955,-1.0415848979459459,-0.015147431965221947,-4.121526194203689,-4.494891995206997,0.6386168173399966
117.0,1000.0,-8.487101780361236,-6.583735756027835,1000.0,-6.967609860515088,-6.8733103332125935,1000.0,-6.104929658534234,-3.0603870047918393,-6.386354523714589,-5.663097144491967,-6.748741296062163,-5.9388520033635315,-5.607743306692132,-6.776511796834324,-3.0406729221818787,1000.0,-6.002282201130118,-5.13660141241027,-8.149341201980274,-6.005549230199246,1000.0
118.0,-5.398052325045295,-9.862192680974992,-6.401954380213724,1000.0,-7.845410779398461,-4.946840133810114,1000.0,-9.963893711702497,-5.660798706844838,-2.0048837605285508,-8.820470374182886,-2.528128621540445,-3.6403837147215485,-8.887977187618622,-12.146858432833938,-7.945129520638421,-9.566507204676357,-8.483609048565604,-7.056421249223016,-4.3633238400407155,-2.345310221319606,-0.8137889331770376
119.0,1000.0,-11.437358007559604,0.059472808242448404,-3.743861438655653,-3.4961712366862985,1000.0,-8.377186246102362,-4.795814509075118,-6.165856271757719,-2.4740624019357864,-3.2475920437598247,-3.468788529650978,-1.5511495321542426,-2.735195918484398,-0.16958128588533974,-1.693203221219604,-7.032994223572337,-2.551794198023397,-4.388852139530232,-2.154829074209497,-8.616514737465362,-6.321306030168468
120.0,1000.0,-8.822696046745914,-3.8736507177167514,-5.340863585160438,-7.607134537700214,-7.426568513972738,-0.29386872035735917,-8.372975517915462,-8.514993807496218,1000.0,-9.8093648722373,-0.3264650478401263,-0.40481840314009504,1000.0,-10.198443819880323,-6.433257343157187,-8.084262045396848,-6.724418742585657,-8.332046050647943,-0.9881243873461967,-8.84388843239142,-4.898220426316701
121.0,-4.441535650232121,-6.60270671314717,-9.01470140918433,-5.761937361721027,1000.0,-9.26195912837183,1000.0,-7.043661328515796,-5.838334493040833,-2.153758126279587,-12.566855403617684,-1.0423829356875567,-4.499391709009011,-9.005991360137896,1000.0,-5.710407375586303,-8.6279630201677,-6.65622216749043,-10.061578652808096,-5.026050220377925,-0.9511349010667876,-3.731870688092369
122.0,1000.0,0.49726624989991797,0.6143625598148225,-2.6535366698139264,-0.294455814588447,0.07827844554662938,-2.99199013396343,-0.3620975328736579,1.6062973344102365,-1.449942240235756,1.1546734126007123,-5.528817166477927,-0.5554723856798547,-0.4136428641445161,1000.0,0.037007896801011686,-1.6186964768942493,3.067469944618619,-0.40956185838259,-0.8935857110158094,-3.808128814609282,-2.2010269317353486
123.0,1000.0,0.8734844533705767,-0.49890955792215164,-0.36860593277212444,0.9911609598695588,1.3957340258288387,-0.9607542154275588,-1.8370795733836833,-3.3366309955516393,-1.6436511711210098,1000.0,-1.183133319273941,0.5494490185536719,-1.413598628701063,0.44749227253787216,-0.5005821478044495,-1.5967757569815684,-0.551037235926527,-1.6470638512957587,0.04587624795790879,-0.15365035115121825,1.0496821091595543
124.0,1000.0,-6.692666798601081,-4.459030466428443,-5.5631179528540216,-1.5397018883523348,1000.0,-3.1904062602083636,-7.1035834002561264,-5.038011507566521,-5.329930797843616,-7.4227878478679505,-3.954496651496073,-6.385997418162121,-5.533220822919912,-6.381275749200887,-3.8099915481240334,-9.66695051876064,-6.338839681349128,-5.92621613885331,-4.104259409819154,-4.527397637927926,-8.313380773821201
125.0,1000.0,-1.9760332392683941,0.22927894147207523,-4.755672734281945,-0.6837148080371961,0.08474359712496729,-2.4468827193513984,0.4192480542049204,0.8440248086394517,-1.7010172214176114,-1.7009380049507519,0.5583221835570504,0.8791488675550425,-1.155567443519312,-0.47296993892061323,-1.1592713648262016,-3.4055908404933897,1000.0,-0.9071189426692265,-1.3359619521780606,0.8377914187796733,-2.1206326649448957
126.0,1000.0,-1.5689341443133107,0.16328439674291595,-3.4184711280475937,-1.5236805503379587,-2.829094697644656,-2.712578303742453,0.6557207419638839,-1.590756785049678,-3.661098520758064,-5.69453770190361,-6.373999295949213,-1.5319237648637585,-0.42901732400249204,-10.979309468655636,-3.2334062675846105,-6.030914608418325,1000.0,-0.5783060371481304,-3.7455721254877865,-1.5394814430012491,-3.4946785735161923
127.0,-4.990712367804232,1000.0,-10.734243963217814,-8.893573909317375,-7.167310154971657,-6.33931702032606,-0.46849794386308524,-6.0954148399536985,-5.813993160138364,1000.0,-7.4612063038733485,-9.865588104220992,-9.253647535197285,-9.891441402766965,-7.455195438434232,1000.0,-5.64522236341007,-9.658478627285502,-7.2470039710451495,1000.0,1000.0,-1.303754435538791
128.0,1000.0,-7.450758150612416,0.6109284536790482,-2.864975447245488,-1.0294100427229176,-1.1246912611260111,-1.7237987651883544,-1.006469979106485,0.24391135674331943,-0.4848860707656557,-3.4413546941903843,0.2987762879504436,-0.4358596188779822,-1.0232311699356789,1000.0,-5.04553689487666,-1.6527172660006197,-1.145167084898116,-0.0632651764472307,-0.341829994899004,-0.7069588561094231,-0.8998242451679772
129.0,1000.0,1000.0,-4.066041819158956,-9.681958254145876,-0.974615418281298,-1.5726411564597047,-5.549823990037671,-2.028440523846797,1000.0,-4.731946732546845,-6.142626854993738,-4.117995564632039,-4.488208547522797,1000.0,-10.339136293345987,-2.745066478305535,-3.211674618624764,-3.487250582704536,-6.405500098964149,-3.932038951668853,-3.351048335107114,-4.246699314444511
130.0,-7.6497943342782015,-5.298896519738399,-3.7218375791968454,-4.4906254257367895,-8.777821636732508,-4.448903247454987,-0.4577967821678502,1000.0,1000.0,-3.913371668813089,-9.776410280604255,-2.553107554690474,-4.966851457007511,0.866619891275013,-3.4905426255188123,-3.990332882125788,-6.349035744666496,-6.051217856591455,-5.816674075194193,-4.160582234347123,-3.0000661996595044,0.2963153373330454
131.0,1000.0,-5.903806970912534,-1.7903834269589363,-0.6785330609950101,1.5886861852170078,-1.8618083384558572,-3.876570197228312,-2.732493934764941,-4.169742792015011,-1.973193464157362,-6.9435690444476394,-2.7487740223495276,-2.20873033350644,-1.060860413514056,-4.05428437992624,-3.01459469129356,-4.7367071419848905,-0.9290880910750836,1000.0,-3.627455293368951,-6.735754759523507,-5.06996671621951
132.0,1000.0,-5.1790760959741675,-4.502901483197672,1000.0,-5.7992401530781,1000.0,-3.646994842098244,1000.0,1000.0,-1.0009255227545522,1000.0,1000.0,-5.939936299539377,-10.943162509035567,-9.679250626421997,-5.632576399928844,1000.0,-6.520617889385251,-7.750505065781534,1000.0,1000.0,-0.27017058858504706
133.0,-6.685216804470691,-3.8945383593893306,-1.4337119096949038,-4.818472180681935,-0.8173378457265137,-2.308250795699326,-1.2472979318381539,1.2855503258836627,-1.4443075002664076,-1.230187654962048,-5.912825585427505,-0.7837304139228713,-2.4018556325073317,-1.4075761711963417,-7.4024870845923685,-2.2146617848340133,-5.04048385814455,1.2806707697437634,1000.0,-0.8873793851006837,-0.33991706829284035,-0.5032750671202553
133.5,1000.0,-3.785464596871962,-0.7500671963842295,-3.766325555828984,0.3453285609777963,-0.9644181990065742,-0.20504729835569047,-2.1551739314293528,-1.102186257651426,-1.7485581246169117,1000.0,1000.0,-0.5213319258443087,-4.300680527766482,-6.994430272332785,-2.9045594106274395,-1.7802164787622612,0.4975094828288841,-0.9677283192538431,-1.5824242586848287,-5.193306128087709,-3.395160808688496
134.0,1000.0,-4.234502025514775,-5.568807663273472,-7.4583680870157565,1000.0,-4.5264203678236585,-6.228593121561409,1000.0,1000.0,-5.6714381057280185,-7.63216782597045,-5.596061304852495,1000.0,-4.233172938860472,-8.069526980777379,-3.173020854944121,-6.69504621854357,-2.2804825657073486,-10.095366055443893,1000.0,-7.6695041259795795,-5.4390352658757255
135.0,-3.403912738264566,-7.034060082864132,-0.9485917233607859,-1.8376230754608447,-2.9317843682520337,-0.833166273314736,-4.245474694847896,-0.6315591938273608,-0.779295581511601,-0.21284031883347887,-3.9813204238631927,-3.54358800908605,1.0519139503200532,-1.9105705133459383,-4.699325075017123,0.903707262823218,-3.1313675672436525,-0.2795172537722042,1.067911124254801,1000.0,-3.2073372152017656,-2.7687467870538365
136.0,1000.0,-9.423957241432031,-0.7360804857697554,1000.0,-4.091848409134083,1000.0,-1.4171862197244667,-7.5058379146340775,-5.162214897233305,-5.906900187504657,-8.482415220614707,1000.0,-5.957197630085556,-6.812779286895898,-0.9888020696775321,-10.963999310511682,1000.0,-2.2239103388479466,1000.0,1000.0,-6.59778092030247,1000.0
137.0,1000.0,-2.6632990095754376,1000.0,1.2167226209791702,-1.7914682119937708,4.929121964072067,1.6789826763649867,2.587251596484965,0.00826813653374342,1.4219647735204783,0.9513617712467147,1.3727361773158164,0.3283462182610617,1.8943397202411316,-3.871630114487199,1.6055521030128457,-0.5329204371118942,-0.09565917428104981,2.6628997240819645,2.62695494889443,0.3696374390149293,1.0254725916204601
138.0,1000.0,1000.0,1000.0,0.6784298471392128,-7.466105779257578,-4.885427134103105,-9.721164107995314,-2.723065617307105,-8.776429785404193,-9.012937572930213,-7.983460484931459,-7.59389233479363,-3.623418489356331,-6.325461730700058,-8.038508713910709,-6.880124904442027,-4.370403862793046,-0.15645931749681674,-3.5037505526583943,-4.348931284746325,-3.346507256376976,-7.398380798564691
139.0,1000.0,1000.0,-4.002852801315233,1000.0,-8.630257167832301,-9.071928540435938,1000.0,-7.12230931646182,1000.0,-9.486348755880885,-6.617594348086637,-10.328513349801966,-9.701529235936427,-8.9859927093971,-9.317896198533937,-6.663760614800189,1000.0,-7.4142010603986535,-7.289207929176698,-9.585535096737397,-8.355878759419005,1000.0
140.0,1000.0,-12.14975412975157,-2.1114357028212787,-3.7166922228928483,-1.6785776462429847,2.1501990315606716,-4.0177184172855105,-3.412784171046731,-3.026574514023861,0.15226709707568944,-1.3975866782109252,-1.4517929246801464,-3.8966239935778346,-1.2912381457971995,-1.0309835673333712,-0.8178829675843018,-2.5812651137198914,1000.0,-1.199226032616572,0.5028832664396703,-0.6750541794404671,-3.8373021103692047
141.0,1000.0,1000.0,-2.338932860645104,-3.0385663913031213,-5.699555102872278,-3.6829498870769912,-1.3049183445205446,-6.533842829642104,1000.0,-1.3359594684705103,-4.13961776024489,-2.45248318563509,-2.472053125204783,-4.835974042991962,-5.252784586178805,-1.7376797448157886,-0.09908740918571979,-5.0513106374057415,-1.4039773550578423,-1.1153859708054719,-2.12662201024654,-2.5041587981551086
142.0,1000.0,-6.994933241171072,-4.7087998901635455,-4.3861596565498315,-3.5775779296661483,1.1008476024529912,-0.40473490688751523,-1.5128217619297248,-2.3261876159519637,-0.6170117005924978,1.4127718948787102,1.526273522841727,0.18178731103852008,1000.0,1000.0,-1.084371124607516,2.7515088402570043,-1.7264166529549687,-2.572649838688889,-0.6044522138554596,-0.09774457197624864,-0.9962977455383255
143.0,1000.0,-7.367630823865376,-0.07377008890025438,-4.7076697440354245,-2.4264754391078505,-4.569299323127849,-5.465119249132744,1000.0,-4.373356468487861,-5.418353418869735,-5.474378920376009,-3.9535364857698894,-1.9533184606666802,-2.4130583108215973,1000.0,0.6223182845548934,-3.349306416860709,-3.006460314736747,1000.0,-4.8122651357354655,-4.431648013593099,-2.3649183043351707
144.0,-9.991066510862082,1000.0,-0.985649280464066,-6.236274696970611,-1.7793163689541918,-3.907585076878226,-2.183793563626404,-1.2143314649966193,-7.888667395327543,-2.998373464409669,1000.0,-4.094141907150813,-2.8011647281629783,-0.27445936554154043,-5.149123074006189,-0.5504206458330998,-3.7935876206039394,0.3305900393516117,-2.2526060942727053,-1.0299127760078584,-1.9284112296644094,-3.1046106701687193
145.0,1000.0,-3.2842498636666733,2.0803993142029062,-4.419992992064842,-5.105329374949788,-2.7172689808559074,-1.855585088102592,0.8747319664978438,1.6048988874766719,0.05074880241615798,-3.1562797413399486,-0.4523788018513071,-4.002562661433857,0.10693948878204595,0.7955045242688629,1.6216905450746422,-1.265167819240935,1000.0,-0.2586551630260563,-0.5261532649756704,-4.0570779373520764,-4.801928576617173
146.0,1000.0,-4.7475877433844325,-2.3378633119436274,-4.835480923245556,-6.093333327995339,-1.6798389120840485,1000.0,-0.13599724626853735,-2.4070963121674103,-8.582630299840506,-3.066616741022474,-2.101770729835885,-2.5500103465795996,-4.877700618088593,1000.0,-1.545390255601166,-7.242690129338271,1000.0,-0.05715073020875372,-2.6675179221523044,-8.17225686096608,-4.562385953772079
147.0,-7.4352586779449386,-9.857232358594679,-6.284726099374335,1000.0,-5.255335851721389,1000.0,1000.0,-5.369219951625466,1000.0,-6.478966525956229,-8.61484398042405,1000.0,-9.467320440572806,-6.14644976469374,1000.0,-6.968660286056002,-10.98951673092198,-4.576411939211651,-4.121953851192082,-4.426208655693886,-8.914642691608835,1000.0
148.0,1000.0,1000.0,-7.14502505092379,-10.501028011196876,-9.090067406293516,-5.562192021719523,-2.574818421105643,1000.0,-8.708211771903578,-6.60313426468864,-7.296566193276219,-7.47551133818529,-7.513550211458279,-9.824988989094837,-4.222093198578758,1000.0,1000.0,-3.3640916591445236,1000.0,-5.67278479608939,-8.398868778895778,1000.0
149.0,1000.0,1000.0,-1.3310669251209652,-4.027579295239787,-4.529406067426854,-4.428577159920371,-3.7023760195349213,-0.7038478699750974,-2.569406898981594,-2.9639217153142385,1000.0,-0.37933348231400377,-3.430061769981106,0.31186226144300877,-5.036964493118573,-0.2441931466392605,1000.0,-7.337717820153388,-1.0601730196489316,-2.2927424185009264,-4.995900648505557,0.5105778490866928
150.0,-8.108367203742592,1000.0,-8.690770901550676,-9.263910928611981,-9.582104383558693,-8.280993453112822,-9.072414769288862,-9.060424785502882,-6.196359319779401,-5.883811206033658,-10.162303269541962,-8.296798448430772,-9.644910338240678,1000.0,1000.0,-8.087314099547719,-9.445533966077857,-7.005001511137994,-6.683556859635253,-8.946511231190836,-12.894470488827345,1000.0
151.0,1000.0,-7.290365500422501,-7.191837841474305,-3.8768061920189414,-3.7959929111745883,-8.452014709762913,-3.0384255381054324,-5.9440632286394885,-7.6220986388798595,-1.337615566408382,-2.7124620274577302,1000.0,-0.0256100503460859,-6.722472642879255,-6.304709675879008,-7.631130990627461,-9.241681413556197,-6.180504316477199,-7.378994861118249,0.8067226713589705,-5.504496049842706,-9.05088862338484
152.0,1000.0,-6.101768657708769,-1.3832499111198373,2.0339759622086935,-11.479342577045559,-4.725783288431501,-3.11153911661405,-3.2994047110489335,-2.1786957456838367,-0.4724497242651484,-6.303908417701255,1000.0,0.5495090655342565,0.6374423808995993,-7.079242685769984,0.5653905467919844,-6.4228763929655805,0.5395188794926764,-4.474870401560157,1.291937370234688,-5.40538979763055,-3.607943209067418
153.0,-6.3579742955209095,-8.641962330372783,1000.0,1000.0,-7.639438243722362,-7.510905109914302,-7.551670250132179,-5.030225814314138,1000.0,1000.0,-7.795066474670674,-3.1489834445611016,-5.441507150774385,1000.0,-9.0000010307701,1000.0,-2.082485892488706,-6.939065064363026,1000.0,-8.033531427414582,1000.0,-11.982675317640009
154.0,1000.0,-8.622367163427867,-6.888540236478256,-6.297649486225509,-7.095119705383566,-6.624674378260559,-8.486883636415545,-7.116702691190618,1000.0,-2.3853715339184296,1000.0,1000.0,-2.9045245502937,-8.755869071879925,-0.0065298855389459565,-9.890413732738377,1000.0,1000.0,-4.987820900248612,-1.936706520195358,-5.397752897350127,-3.5949746309299186
155.0,1000.0,1000.0,-2.011752067712813,-5.926782154321252,-7.95081794175365,-8.020230769548009,1000.0,-7.21370302294328,-7.791979689132651,-2.068541563658408,1000.0,-5.1731348938287125,-9.118920353287162,1000.0,-11.057398671557458,1000.0,-11.31071364873302,-2.4337322476247487,1000.0,-1.0387404777850857,-4.936937037515598,1000.0
156.0,1000.0,-8.179265223055378,-6.108394907056823,1000.0,-0.22752654420626583,1000.0,-7.0323420985538805,-3.4190653755300593,1000.0,1000.0,1000.0,1000.0,-6.309753316279815,-7.438415601153449,1000.0,1000.0,-10.749058134422704,-3.915678956463561,-6.736809386422472,-9.150705149860379,-9.997379947511618,-9.032143168824962
157.0,1000.0,-6.95116342221677,-0.2810039126018196,-4.570668855305199,-2.0315307238597264,-0.8865297189651002,0.2510243188769755,-5.0293623936613185,1.3786718148873718,-3.9196785374095175,1000.0,2.7307217909136305,-0.3292591808780789,-1.001767882919148,1000.0,-1.3569440823442511,0.6199424040426181,-1.7655526139820743,-1.7092424996364315,-2.072185247875414,-1.805145836967963,1.1929103827559406
158.0,1000.0,-5.896528857387856,0.8395784560169534,-5.591902623679953,-2.767250548468477,1.3941683194701735,1000.0,-2.009195298444188,1.2323516652551167,-3.7919584435780442,-2.7291369966023766,-1.718365816834584,0.6629736192282992,1000.0,-7.423039743547912,-0.18301071759918847,-4.301927875229715,-1.785262128944645,2.238556837440079,-1.7739626617240212,1.1897479536733626,-0.953766609204774
159.0,-5.046540743785796,-6.6689903566131745,-1.2021178457096293,-8.262557679706337,0.0035516279572227055,-1.11731796031459,-2.1805349222440737,1000.0,-0.9032596618083013,-6.325241753760652,-3.411712634584129,-2.3599777628894647,-2.6157258687023752,-2.7558383125355026,-9.21175613097962,-2.609601600772753,-6.335562887720888,-3.4026125042255426,-4.269094165727031,-7.122299933110124,-3.1191955014144157,-4.377827802215928
160.0,1000.0,-5.337543206932644,-0.803543244642987,-4.532300768507369,-4.513354777562361,-3.6333254429317554,-3.4965391447486738,-2.3541586148234668,-2.713436160561065,-3.6919357547849336,-5.239303869904047,1000.0,-2.3836690697098994,-2.707185624325485,-9.108606974421681,-3.847348677653621,-3.2256335116510275,-0.9627529033249754,-0.12310783129295688,-2.7492694952573498,-3.232130859938403,-4.273868938303609
161.0,1000.0,-8.68390582751565,-7.7217438211904526,-8.252137984291391,-6.773596501474687,1000.0,-0.1529714593488389,1000.0,-5.4624978382541265,-7.761216881423273,-8.626621846930508,1000.0,-4.065665450988965,1000.0,1000.0,-7.0254320960934145,-7.784747861455802,-8.960734757320301,-9.600966391880855,-8.610867182999346,-1.5809557437705286,1000.0
162.0,-8.830323907366537,-3.175898405487291,0.6884688025283754,-1.3095434549968978,-2.3253492790528094,-4.559826624135632,-2.382760693475134,0.6212178277131828,-0.1059699010207914,-3.9614928680914736,-1.0784380890791119,0.1257802870326784,-0.5565746374743905,-1.1299732591970335,1000.0,-2.5395468084230965,-4.306013903149834,1.2898098817939856,-1.4667324427214292,-2.031532341027263,-3.552244999437194,-2.7705148837976283
163.0,1000.0,-7.783534523662522,-2.173009758034655,-5.725521902125305,-4.057849105137667,-2.9381570300796334,-6.624690745014064,-1.6918090589212955,-3.4131479958583184,-4.845046625303386,-2.6113285587695327,-4.3872735781326995,-4.775153498806189,1000.0,-3.4924054278950667,-2.8269951108648885,-3.469459521125162,-2.895673919171975,-4.033042786739449,-3.5627637072093212,-6.263492981558313,-4.2689167548574725
164.0,1000.0,-3.296488614464005,0.013679575681908057,-5.191103700520765,-5.7047862780877026,-4.39447485743885,-2.248190809238726,1000.0,-2.191661682117209,1.251409004762593,-5.713766636954041,1000.0,-0.07733089482683098,-4.527715231406432,-5.46972462595258,-6.673488146576741,-3.5983537674543706,-3.8957914492825774,-1.7633188601252372,-1.3330544442396417,-3.7215608379736445,0.2801055663197859
165.0,-5.679079704126205,1000.0,-3.757120521602414,-1.242634685208798,-3.0895251473534566,-0.2719134300168207,-2.399642652601682,-3.8074450199808156,-2.5574436988331875,0.012890744886988048,-1.8894651906063835,-1.69846696914168,-2.2519954966627345,-2.9143542330740244,-4.593488836342512,-3.8180540355668033,-1.3294366928744012,1000.0,-1.0849971013697268,-1.0944722371888391,-1.0775530581063273,-2.5764772591354497
166.0,1000.0,-8.205528653261245,-1.1781310465133237,-4.383368727927381,-6.4754890394520865,-0.5306774979242688,-0.9568847058733809,-2.4100325832557044,-4.162699793511428,-1.597818403487145,1000.0,-3.289250242788659,0.22716987004828376,-3.449448563288872,-9.233292656353191,-1.5626921575924009,-1.712486924747699,-3.0324677606185406,-3.0850102741806644,-1.715235127186268,-10.391918838825951,-4.50527698614136
167.0,1000.0,1000.0,-1.946111841832605,-2.3495770911876903,-1.6520956378406422,-2.0500194158903393,-3.6356831934055376,-0.32046833102902617,-1.9217667893159134,-0.004551110712651352,-1.18730428396729,-3.476279101530606,-5.1551950742570325,-5.905831096419932,-0.8847697496234626,0.3515782771873616,-1.5139275712765805,1000.0,-1.3178231895943342,0.9675193387508558,0.9165803166116923,-1.9139604542712452
168.0,-7.144052247215038,-7.502628949103601,-5.5274312006890565,-9.633674797639113,-9.592270720299751,-7.079986572696578,0.7706210276153399,-7.642729392041666,-1.0187546033249764,-5.266022435806591,-9.558742095843503,-5.8775034929287155,-5.326286926759021,-9.854523026232556,-11.993784069954707,-6.368295382805598,-5.06950091278795,-9.00436601941745,-5.108721285509489,-5.05074399937678,1.1204967980601155,1000.0
169.0,1000.0,-3.782345753113998,0.41060682563193895,-4.231725419671898,-1.7602117183703458,-1.210780583949737,-0.6304272797231966,-0.34483108308526544,-0.7925521975292157,-5.075667397210339,-0.9155492268795034,-2.3852406595450835,-2.9106151088204,-0.7202468097618431,-3.636128211297687,-1.690621119523406,0.45977331253743503,-1.0692109358130493,-0.5655737462279462,1000.0,-1.758576146208801,-1.5714663450973352
170.0,1000.0,-5.095575030837634,-7.094478759081601,-5.1964063166887975,-3.9929137764438343,-6.414388967581068,-10.446407180237848,-9.756713038200205,-8.022860727275098,-7.324778749906131,-9.043315733418439,-6.156922997307249,-4.381611565907759,1000.0,1000.0,-8.776850823252413,-6.7859895060653885,-3.9539082889555726,-9.317117200849346,-6.440147144035609,-11.044486668516052,1000.0
171.0,-12.609997985593953,1000.0,-2.6846206523028218,-4.486734574626357,-3.5512446744133053,0.3072230915924935,-0.5096341821204712,-1.8808088051875278,-0.8696072911773604,-0.3222529490631738,-4.341251227222646,-6.256314441158897,-0.8093429567520306,1000.0,-2.350144410120699,-1.6216085906417725,-1.5472005350177271,-0.8969117232379867,-0.8859025224861903,-1.7694225702005173,-1.845516601855822,-2.5268440600403377
172.0,1000.0,-3.885675031459642,0.3762751407648402,-5.050770007468724,-0.4651493723952968,-1.379895959676233,-1.0647399230474077,-0.4489154742844797,-0.2162563084325274,-3.7218208913705175,1000.0,0.3070707241594086,1.2383555825563337,-1.5920344592726154,-8.121456654923573,-1.7252542760734977,0.9353753003025325,-3.235375560947996,1000.0,-1.2623924263255253,-0.29892628462319426,-0.7090619427204683
173.0,1000.0,-6.741044001172169,-3.8647012851117957,-3.146738073400188,-4.6363911331094725,1000.0,-6.4094483292920135,-1.222386998864877,-2.1869611843842622,-1.6504855247694157,-3.7671265381626347,-2.196561422031963,-2.124929198411327,-1.4537309119874902,-3.3839595792752055,-2.227620348628442,-3.0644465924186157,-0.21484532224147937,-1.2826448482087698,-2.2418717825439156,-0.7143148670530635,-5.991420218671511
174.0,-6.522179614380532,-9.410251524835651,-2.9600417334733278,-2.0353845499576604,-4.059253732638477,-3.094723337701095,-4.20742901644048,-1.5711460667485744,-3.3546671355612014,-3.434550597743395,1000.0,-3.7500286193398944,-5.749566907654258,-3.183754200047399,1000.0,-0.5039341633252737,-1.277389675292087,-0.5037028874192775,-3.1604316937334493,-3.54696523965435,-4.7946523297887085,-4.327966725530915
175.0,1000.0,-9.366146320957338,-1.3980645899584885,-2.0531631916882467,1.407451581228939,1000.0,-0.6534632324523544,-0.6545667067946931,-2.4658854111975144,-1.5058130724223215,-1.100655891873704,-0.2771260382523733,-1.7831024192846523,-0.44843694272550194,-1.7079121925082574,0.40524823416270567,-1.8505714917764622,0.0750760885697381,-2.315454106259378,-0.3397547350448079,-0.019443710448891594,0.936289603831636
176.0,1000.0,-6.8937171229589325,-3.836869684471968,-5.121332111294051,-8.711504956944387,-8.842920567908287,-7.742481714391793,-11.55554953761536,-9.314914311250208,-2.9341689684564036,1000.0,-2.5905233627785558,-3.1222845201064144,-5.129477453226174,-10.444047800443755,-10.035522365195632,-11.285837051651512,-6.6458950737752485,-2.7722291481878343,1000.0,-11.867696644173117,-7.946911906058903
177.0,-5.675076657553088,1000.0,-7.14354587536948,1000.0,-8.756927430225344,1000.0,-4.6178429911960865,1000.0,1000.0,-3.5285324475203006,1000.0,1000.0,-6.158934683000458,1000.0,1000.0,1000.0,-10.703752841883855,-10.698707660638505,-6.206720925309382,-3.778095803342723,-9.731311316776246,-8.232887042412468
178.0,1000.0,-11.490030522771686,-1.3540868799874013,-1.8742735872259013,-7.712352895043393,-4.792178562714611,-3.167869300951781,-10.560946422869108,-11.007523484494548,-1.9707839166574765,-8.687109692678959,1.1227749326518501,-1.0784688492700825,-6.903012451338712,-6.615755145796669,-8.02446072838574,1000.0,-8.674119237397552,-3.1014903233631776,1000.0,-8.801416185119926,-8.49559652264172
179.0,1000.0,1000.0,0.5027747475079576,0.996847831859953,-8.677378006769672,-6.2980773402854835,-0.0632262455099515,-2.8944881085034524,-6.053483650105559,0.42272817970555576,-4.753729107472829,1000.0,0.47667365806935164,-5.331192991394371,-1.9408582231525133,-3.4915955254815545,-8.430792561146326,-2.5622580813344586,-0.2697246795336287,-0.18801893206872428,-10.27044904952093,-6.224146328697659
180.0,-2.2068465999433458,-8.518368372500142,-6.563416529504778,-9.206736752408391,-8.476735694541528,-8.551149910983561,0.2873938168119995,-9.979706862620702,-8.01829001788303,-7.255130941230108,-8.059958240492946,-9.607392976341764,-8.976833682669195,-7.331183681601681,-7.128549275076704,-4.97829779925802,-6.4626481592329785,-7.59533198572027,-8.164788192393836,-9.033360978996107,1000.0,-0.9038606912262013
181.0,1000.0,-9.774896376402985,-2.0624748395487615,-9.22532386552627,-10.134126214938798,-6.631609296981541,-7.624982982853459,1000.0,-8.43720021677192,-8.593201046191716,-8.358394052469286,1000.0,-8.985198163945263,1000.0,-7.2540356869304095,-5.91651973055563,-7.843936210849623,-8.681188563758496,-10.792322394417635,-9.964791973619704,-6.918483933324225,1000.0
182.0,1000.0,1000.0,-8.731337329460597,1000.0,1000.0,-5.630085690668018,-0.779455389597636,1000.0,1000.0,3.2134009264215577,1000.0,1000.0,-4.8719775578290285,1000.0,1000.0,-8.285985195927065,-5.832074840744126,1000.0,1000.0,1000.0,1000.0,-8.239858812225908
183.0,1000.0,-5.904669424732165,1000.0,1000.0,-4.3282084597144515,-4.327362946288768,1000.0,-8.279042528300023,1000.0,1000.0,1000.0,-9.335028267428882,-4.880270140779281,-9.28047828454112,1000.0,-2.6253015273499956,-10.377198999459623,1000.0,1000.0,1000.0,-5.374381113238958,-6.270555224210669
184.0,1000.0,1000.0,-7.6838452481022355,-1.8107055547630504,-2.5998769695670654,-2.064083124309418,-8.80001507900587,-3.656089357975908,1000.0,-3.803372910706444,-8.35871773625184,-3.0509790791374716,-5.09664937053825,0.5703746513218912,1000.0,-9.494745954571787,-9.042602182430056,-2.9244882265187786,-3.2298045304834426,-3.7712225036058915,1000.0,-1.4271272361777187
185.0,1000.0,-7.063040124082317,-2.7673016993149115,-3.882013421859283,-4.7955783759430215,-11.019873555972666,-7.23693165942394,-5.538552128951857,-6.543867830316135,-6.1401484134443045,-8.09666437906508,-8.113690906856153,-9.132882474153234,-4.708534101825709,1000.0,-8.233170857870423,-6.101079287947886,-2.6551057709066335,-2.7775670637555887,-2.1192272049885035,-5.097195865542124,1000.0
186.0,-6.965510821679548,-6.55692470991844,-0.18532721840845423,-0.9957583773217614,-4.15741986096228,-1.779076455974166,-3.1144139431706503,1.8138004603771358,-2.0790901884487525,-4.087696486328722,-1.9337796277021866,-3.9067979466620755,-1.1922677672869069,0.07506921117197884,-0.23537120947738885,-2.2312030726451244,-1.114301455523154,1000.0,0.017727157727814413,-1.6618172802480773,-1.6162573653152872,-3.944083241856171
187.0,1000.0,-6.988674283147462,0.8807762851763725,2.844043352910628,3.249139054476148,1.4183899688379862,0.3625168071453778,1.8967585238882048,0.012207399647457262,-1.439886642961828,-0.28670506879375557,-0.905492673126399,0.4373357785193584,1000.0,1000.0,-0.5118771987872747,0.024510242891921954,0.3070629050157508,-0.9941823510242036,1.5549548033472946,-2.0408934573836826,0.4859493253381537
188.0,1000.0,-8.49143217452933,-1.2959378583999601,0.7173525808367484,-1.5114998129357564,2.038323694077497,0.5440234076207515,0.4361795624028682,-0.8644761788957125,1000.0,0.8877621882186495,0.4439772452816627,-0.11352495832752607,-1.4607180832024578,0.3497987628258633,-0.9358994821910677,1.33026422976143,-0.9070801698114146,0.2089530456098807,-2.2496629071879295,-1.1282414726383203,-0.0645437190126546
189.0,-6.102571679695106,1000.0,1000.0,-3.306806232446799,0.9816129824898443,-1.2028213590677839,0.7671398785410258,1000.0,3.155700588719501e-05,2.0264121495512124,1.6804468024383263,1.5709444577529794,0.32314331551736797,-1.1823856081355795,0.7295160084998861,1.8591707877366106,0.22879534291266018,-4.762139345937741,-3.852578583288034,2.2629121165069934,0.3055408857645413,1.8523909649397061
190.0,1000.0,-8.445190933792121,-4.860921006974116,-1.9335945773255403,1000.0,1000.0,-2.854845327668401,-1.3458505311883062,-1.6399173756647953,-0.1312304132073907,1000.0,0.9019087229711488,-1.3748953515398665,0.5195072582660037,1000.0,-4.5170315318045855,-4.37538261189493,-0.5071452092545502,-1.1840451842766513,-0.6223418890328669,-6.680902132364123,-3.3014806611503333
191.0,1000.0,1000.0,-2.711981333898933,-7.434857838285971,-8.601285685452538,-5.28757156047619,-11.087048496871901,-7.833633594052662,1000.0,1000.0,1000.0,1000.0,-2.043486414486787,1000.0,-12.048224180855172,1000.0,-13.744983550128133,-5.386669660686551,-5.188261243173125,-10.327090185628364,1000.0,-10.033596758709228
192.0,-4.527433071601259,1000.0,-2.3634092386066534,-0.6745403767227677,-1.4798480133544971,-1.395450057893178,-2.6378066479844375,-3.7044750190469617,1.0639966294310315,1.2664601379105112,-1.6275284368288145,0.12160985889633324,1.2598694883077823,-0.40931103429766946,-6.805841815888607,-1.523846961851911,1000.0,-2.6107955689256674,0.3111334401315692,-1.1381220468729574,-1.6338039351657045,0.1405536215598672
193.0,1000.0,-5.671855231369491,1000.0,-2.152265161482444,0.2102724793818525,2.6934391795122954,-1.1973767100529087,-0.563928582590818,-0.6008736222168805,-2.1218846743375828,-1.9275492288442735,1.3579736182056543,1.0368407979572078,-0.1740852817777705,-6.718246573870133,-0.4230725095611626,-5.928396713153127,0.5563119264799739,0.898838621020734,-2.616361108617121,-2.7700463754590485,-1.9636718977384764
194.0,1000.0,-6.664499112283238,-1.6567232753275773,-3.606205408311763,-7.552844546241454,-3.5838811989007433,-5.91278688228779,-3.901250841030566,-10.351761556815253,1000.0,-5.587904555275694,-0.9926855218240441,-3.710947645857331,-5.788965527066402,-10.309132276353356,-8.947919310348848,-5.370886467963744,-6.76252237794013,-2.3011545609993966,-3.540759340669927,-6.615275809662667,-5.090832030642769
195.0,1000.0,-9.781980245090477,-7.394710866615716,-9.699381326586225,-10.241171462581345,-5.5500635659617945,-6.819595122240276,-5.920768491137553,1000.0,1000.0,-8.728523301660058,-6.338280694320257,-9.09881357946874,-4.490131038735005,-9.571280213041454,1000.0,1000.0,-7.852189116064547,-7.595874060548786,-6.803624073975916,-4.977700026499529,1000.0
196.0,1000.0,-2.531519837597439,-2.054366079411192,-0.1468183440360607,-2.0020141878921365,-0.2394513611877318,-0.7298508753380563,0.11993037739472451,1000.0,-0.7576225750480436,-2.8700058589622355,-0.6950452063998285,0.8463846062694012,-0.0457795191353389,-3.7592244063497366,-0.10112343229198875,-2.4445924527025786,0.509113569436516,-0.7659326771304981,-3.0195298972005715,-0.7816723879745018,-0.2570389843740678
197.0,1000.0,-6.959502857461196,0.7040432505332188,-0.8720640689930451,-0.140229493405294,0.6738333885221217,-3.3897757563647026,-0.7222806658218447,-3.288421368744351,-4.590672099934568,-0.37182456717527756,2.0521954629216137,-2.790573022873506,-0.05388498421541543,-3.7660575689455733,-0.6883864696915322,0.4725281660364652,-0.5322653672727438,1000.0,-0.18292141276571028,-0.16948879638512188,-6.020784377489479
198.0,1000.0,-9.621298342102513,-2.032619888940895,-4.345343098465486,-1.4198616989251507,1000.0,-4.465395791460678,-1.7922817788724053,-0.4934982942005204,1000.0,-8.423425901340549,-7.77582649816112,0.30370254096301247,-1.0785611653985212,-1.0694192082578566,-1.663387843426268,-5.576964169914729,-1.198687391464632,0.3686554087799938,-1.1539587447584003,-3.2763534587775043,1.6256594664314996
199.0,1000.0,-6.903629570834676,-0.8748445764652291,-0.18765583137599923,0.6855735249661681,1.3670146209680212,-1.4219473480951283,-2.2444848672633184,-1.1577583427058111,1.0213405802309612,-1.0616960276646288,0.9751437372952922,-0.26231915310914966,1000.0,0.024413715403971636,-1.240930476389616,-0.2588358222435677,-1.8383567889623635,1.9731957372022035,2.0107295002085857,-0.46324101545318513,-0.8164141253429318
200.0,1000.0,1000.0,1000.0,-3.6285680653395316,1000.0,1000.0,-7.486206923297408,-0.5774550573315504,-10.198766389741648,-1.80860522130662,1000.0,-8.543562777317227,-4.6133423570246865,-6.543898954832614,-1.4179385338381694,-5.049894480743658,-3.751584334543785,-3.272496536389211,-2.1200085307987027,-2.3715885527553793,-4.605044880021003,-3.8857665120930838
201.0,-8.524533501678807,1000.0,0.761329257038982,-2.7417291716648666,-2.941623766701267,0.12831444388333668,1000.0,-3.0907468641037177,-3.5576880455038777,-0.6373917750911986,1000.0,-6.656584836849855,-2.33330125790809,1000.0,1000.0,-4.059508485355346,-5.396184486201221,1000.0,-8.510806959047642,-7.117724004034583,-4.694426987191652,1000.0
202.0,1000.0,-11.228386739889407,-2.579422478286376,-1.409194163863761,-7.189466528281169,-6.4490003953555535,-3.881780425867923,-8.920427940903927,1000.0,-0.1537581904744121,-7.805353195436792,-0.2666397548348591,-4.707280313800777,-8.748927766573903,-6.9843348774718415,-6.621447877184775,-8.54694710936448,-7.8974181254456495,-2.9587170122007347,1000.0,-7.703826335123399,-7.652319255938677
203.0,1000.0,-8.58260525512757,-1.777287230121664,-5.770881233456977,0.7482343945078851,-3.098343713827072,-1.3865303448567412,-2.8762337475895983,-0.8938881328721723,-3.027672994683204,-3.6145556135361097,0.1553682974979829,-0.32022458239005774,-3.5545258345176207,-8.831614631864795,-2.8313134143749856,-3.413862037614882,1000.0,-3.85181093729984,-1.0952053227983303,-3.4842795748585536,-1.8690895914004009
204.0,-2.9589031940206265,-3.9796619958651256,-2.5530667841416514,-3.6717437161813424,-6.986614975811209,-7.2631195647602205,-4.892651609805281,-6.051519418653785,-4.6353339995086404,-2.4592969361887382,-8.327611609568766,-4.482723627546669,-2.0381185229485683,-8.477006523997147,-5.295061108217164,-5.245957174108133,-9.922901032711962,-5.766635619381111,-3.6448298569709534,1000.0,-4.84563896121341,-6.6062301478244425
205.0,1000.0,-5.156637165460408,-2.4097052664809273,-1.0217759034538798,-1.9598708834864327,-2.4302084282892276,0.2899935432500492,-0.029873852897613802,-1.7156029657106138,0.0066046072303208025,-0.17654510707537774,1.190124413768948,-0.21345961392396004,-3.2528409057272185,-8.495075106315518,-3.0976998026200278,0.7093341930161078,-0.926168970306637,-0.9159306942405828,1000.0,-0.14105386719360247,0.22993969220397176
206.0,1000.0,-6.52097319369191,-2.656574876056067,-1.4141849622825962,-0.9249638960074112,-0.6466065480531065,-2.3891965923707073,-1.915250988733333,-2.393712468864471,-3.6813518976097965,1.3302776430178587,-3.274079951164357,-1.3390931345487036,-3.2918838224817843,1000.0,-0.2419395603784355,-3.00471977109391,1000.0,1.1712411356248167,-2.5059695319588693,-4.7959470410517655,-1.275889814525675
207.0,1000.0,-5.095524775741592,-4.004362566618877,-4.41552404717682,-3.299042412807677,-0.862572233957962,-3.727481194084721,-4.0090534395916535,-2.0752664485826267,-1.851114549185351,-6.424856522755285,-1.7146749649488238,0.6993489878692782,-1.865176005974608,-3.16750674715887,-3.9148103642538774,-1.134288810727111,1000.0,-0.6528062857671915,-2.9409718177935744,-1.911233421804344,1000.0
208.0,1000.0,-7.4134733845162915,-3.3319266627733715,-0.21246312674613232,-1.6426198713778781,-0.6844578585695877,-2.373238240602031,-3.2151192520152896,1000.0,-1.766019371433578,0.04715259290365692,-0.7714194283015109,-2.4670356391197696,0.3551343220509988,-4.592446444853774,-3.502863976718209,-1.5375928030921333,-0.02910998442230084,-2.990284851560884,-3.9650590818235614,-0.47588328597734575,-2.3473778360903483
209.0,1000.0,-7.842790550876604,-4.461436572530377,-3.2763086857709243,-2.9492626692218336,-3.2711959959542605,-4.407115612863476,-3.836660634122401,-2.454285199075608,-0.5246735251595589,-3.9458363013288356,-3.9498510521449908,-1.5544220245532452,-3.2944470734950255,-10.545695370796858,-2.8218112713768555,-3.873196965118701,-4.2801126698825005,-2.307236049332137,-0.792571068999726,-3.7007595619849702,1000.0
210.0,-6.159091972992795,-4.557789143694614,-0.1119232419460063,-0.8092426593051675,-1.9122013205141744,1.012746870394328,-0.13859982159618256,-0.841587591678612,-0.5528487777313464,-1.421053883494757,-2.610600515307161,-2.9264770052362863,-0.7794213625104112,-0.18615378701279173,-2.8503217707455093,0.8694616649631518,-1.6153310380610173,1000.0,0.29081763831027624,-0.6532042290566322,1.4483726369008116,1.019149029242148
211.0,1000.0,1000.0,-3.3045531306142895,-0.3365718221720524,-3.397296086238269,-5.443364944732665,-0.8638452518432209,-3.149314311278519,-1.916211587500157,-3.8897793589498066,-0.18820111545393134,-3.0737366617390056,-2.7779452880397946,-1.7430931083565917,1000.0,-3.9123843951285067,1000.0,-3.7440630678593942,-2.521793456929517,-1.7382620661536727,-2.4800670766430657,-3.474501842761214
212.0,1000.0,-5.872943061711671,-0.36681679042806753,-1.8882546021110127,-3.876914915761124,0.5569309663223632,0.9294815867799195,-1.4051077244805144,0.7735162727613745,-0.9719672071698627,-0.8896077107858975,1.967169336110826,0.3110066439675223,-2.0678461892680526,-2.4566592063800647,0.39215591532685273,1000.0,1.3656231246224788,1.5598018220728533,-0.26750575003535637,-1.549681283335966,1.29192994923151
213.0,-6.4982599998866295,-11.602540602715417,-4.06426500896028,-3.6582096431339064,-1.3786433051153697,-0.9729868973909717,1000.0,-6.6766052791435975,-2.8719770633336275,-2.6515752035876132,-5.310707422819367,-1.2451273009892867,-0.3543122313142983,-3.357807474922068,1000.0,-4.928099630333146,-4.486214248409914,-1.9734974096182363,-0.2255818674936595,-0.5541594739411841,-1.977610695289389,-1.750702709565842
214.0,1000.0,-6.718579334392411,-4.143688267522281,-7.803723670519265,-1.2041087489533542,-3.992619738727285,-3.8182369916909926,-0.5123319713066314,-1.7461281903443733,-0.7442536501596732,-0.013416182763159201,-1.9738582688634814,-5.186838376662518,-0.7881727513981605,-1.5229447266676435,1000.0,0.9314330836405796,-2.1468520945193124,1000.0,-4.992942866238147,-1.568358086650539,-3.0708691809956403
215.0,1000.0,1000.0,0.04040499308937648,-3.9730987595128253,-7.194867870906895,-5.5154133036047615,-7.189872662185625,-0.8730036651886255,-6.081915915415818,-0.2491001463701926,-6.50486593108617,-6.818942211581403,-2.468206173076123,-1.5247406380952266,1000.0,-3.2162015847332324,-5.863156417769014,-4.059347771181157,-5.570799005643462,-1.691272043420838,-7.1154123181248,-6.373330054148149
216.0,-9.012916234418705,1000.0,-6.047812369868367,-3.1121502983078217,-4.418832261588053,1000.0,-5.97390852658882,-2.332769674989419,-4.155997484984633,-2.8928704182571523,-8.475953865142408,-3.426308791415077,-2.2527416868321066,-3.580900286351667,-4.053986690077159,-3.9017624771385018,-2.5719441092862563,-1.5664299753075186,-3.57803503949628,-2.466302411060113,-2.166329147900895,-1.2468292176056037
217.0,1000.0,-8.682993001453404,-2.933671134990238,0.5539556411717632,-8.817004134846943,1000.0,0.5282790191145392,-6.125460903993515,-1.394525534230634,1000.0,-4.5115627262414115,-1.9265941704638287,-2.6814666600799564,-4.272547873820692,-0.9182735344395598,-3.322601130755321,-5.2566324937760225,-1.8898963837824199,-1.750663607466064,-1.3668762007666482,-3.0102295378944905,-1.4287767977008259
218.0,1000.0,-7.267998976921608,1000.0,-0.28512121450901473,0.0834398553706831,-0.8500705781724678,1.3559898164819737,-0.7678933841926909,0.05075776715079797,-0.441708563812663,0.2359551781686946,-0.49153009141588677,-1.0241117565847675,0.3977941256623184,-6.082765577693701,0.33479693102909774,-0.6731913424846496,-0.44060209966775926,-0.7168724492706977,-1.054610995741571,-0.20571991992759797,-0.18466129919478397
219.0,-4.870578205880626,-6.5000462207601455,-0.321140693716992,0.08798152345457175,-0.8400514669625808,2.326668345141649,0.026867078486308253,0.9918355593374207,-0.33126100035521083,-2.273229655923719,1000.0,0.8746983807565222,-1.743773217604559,2.326611689664384,0.6703593516713369,-0.48928437779220624,-0.1861396917042158,-0.2990894645098816,-2.408467364284427,1.9534747579241125,-1.202512225095561,1.4014134763485082
220.0,1000.0,1000.0,-1.3275947347175618,-1.628125391061364,-7.389264020212838,-4.8148381464617565,-4.947002362100766,-4.623085628829559,-1.2108230354842906,-11.490777446065541,-0.6960399895608737,-2.5041806757616354,0.601387114365928,-2.4537364836889717,-10.048190452749953,-1.6873648618898296,1000.0,-1.6057567935666972,-5.644964469167318,-7.416608882122631,-1.0875554097323201,-6.203846103061821
221.0,1000.0,-6.892235349436546,-1.0859103951397175,-2.1697391048816264,-1.4197999998483168,-3.233150012621583,-4.584142149560772,-2.770283027083317,-0.4046255343427526,1.257818377207307,-0.15805946062485682,-0.2704732044037164,-1.9535630635675525,-0.40760978306061624,1000.0,-3.3947055586932273,-2.749023460819811,1.8880967400312771,-0.5788660443357267,-1.2911789507977316,-1.691254989137341,-6.829887578607343
222.0,1000.0,1000.0,1000.0,-10.678650146134725,-4.359532258670318,-9.318103007630574,1000.0,-9.979980689271741,-10.39473795841398,1000.0,1000.0,-10.258846355623463,-11.63594998137607,-7.1233879103993845,1000.0,1000.0,-7.830264925267989,1000.0,-8.013377611092528,1000.0,1000.0,1000.0
223.0,1000.0,-7.219346118570817,-0.4667789178252501,-2.4038132911750205,1.3315132646765158,-0.25792280938409345,-0.13332851614131191,-6.779284993590707,-2.538133326625667,1.4655966132815217,-0.40490826993227114,0.28811387846300696,-0.8731973848780981,-2.947697074471413,-6.262664206033955,-0.9923436495885816,-1.3063962769723314,-0.7854397488360936,-0.33741259305672155,1000.0,-0.8496880726648568,1.385625836805074
224.0,1000.0,-5.308263568766506,-1.6255651991270004,-2.39745145231624,0.2927700468599155,-1.1438839450851748,-0.8268928148966201,-1.8083605594410446,-1.0006304824571661,-0.8821355073604235,-1.3416925992807864,-4.659009515244086,-0.6795299503749578,-1.2569188276471577,-6.882454320569435,-1.2392458137068254,1000.0,-0.7185644955807066,-2.938776833636883,-1.9899314033405906,-2.5418872532041994,-1.7897039021482941
225.0,-8.685389225720462,-7.733417166091403,-2.0316873001909808,-4.913648615696511,-4.086681952058369,-0.01367454226317999,-5.505772892273095,1000.0,-2.871714785253964,-6.783647283997612,-6.415188095173427,-3.7447045539524293,-1.5632043113303633,-2.7788377907188124,1000.0,-1.9348684499002027,-4.347558529507404,-2.8767280526879575,-2.54223958192362,-7.226242116397627,-4.388019259569829,-4.221503279830811
226.0,1000.0,-6.688292118600911,-2.507058174930072,-3.5842599914842483,-8.855518829603941,-2.5310588677992785,-3.8204085586248757,-4.661078809395371,-8.705898362146767,-0.6498243058120081,-7.462007733220236,1.758437243159641,-0.5842151594318848,-4.10928820980264,1000.0,1000.0,-5.4704930643675675,-0.2158920713961403,-2.883211403798091,2.2302982996637226,-6.856574650861585,-5.742610355168648
227.0,1000.0,1000.0,-1.6820881775801408,-1.847065915513619,-0.7743652709660175,1000.0,-0.6563980311303446,-1.4633727617623842,2.8293956775438365,1.2677742233592852,-5.40864158780967,-0.7143375100461945,-1.0487615422372283,-2.4541207464716495,-2.0390344119911408,-0.4632594097012089,-4.4020126116364295,-4.764216509753043,-2.1059058032980973,-1.6982048502833218,0.3001014664523799,-0.08505433576868171
228.0,1000.0,-9.929845074156209,-1.3503194484004637,-13.005376211667269,-6.002658926381264,-6.69385340659532,-10.213892607839611,1000.0,1000.0,-11.686500061941814,-11.385964658608902,-9.91290897125474,-5.9743548372395425,-5.876964335370704,-9.988552187682814,-11.371335623361052,-9.66005677239259,-1.3021852061882266,-5.384200777207512,-6.496629101579389,1000.0,1000.0
229.0,1000.0,-8.988306727252846,-8.832496970527417,-5.677277595631691,-5.289844738268403,-5.87257901099459,1000.0,-6.4993594435789985,-4.509188220952034,-2.601003176354723,-7.4993298282908345,-3.1821354884831443,-7.128750193459834,-7.084373140900164,-6.46748711842322,-6.424499115998447,1000.0,-3.924581199337065,-4.191873133070393,-2.115687237122964,-4.428491470546952,-6.571988373572743
230.0,1000.0,-7.340397071531777,-4.395286264733993,-5.54007918055558,-6.932151343779207,-10.800064746693621,-3.1279875917161286,1000.0,-4.531033616625621,1000.0,1000.0,-0.01555198568649205,-0.8758382699549128,-7.168033225552756,-6.782411336259509,-4.2568107329224825,-9.067245424796653,-9.366306600228597,-9.551974732334587,0.3742675367895174,-11.432617223760392,-5.172602332669137
231.0,-5.357682863221758,1000.0,-4.564341943922606,-1.7311813048935458,-3.5567768502849955,-3.7115716291005034,-1.3446261970659312,-3.9087685053501975,-1.1956293865048329,-2.5533989168450493,-1.821925367957467,-5.994596268619871,-0.8485567956019109,1000.0,-8.487398959549004,-3.953986194310358,-2.8872853349775554,-1.5756299105545835,-0.9280268464075536,-7.2938985498461975,-3.1473114662447372,-5.014396176944738
232.0,1000.0,-6.109681636823611,-4.746418099189155,-4.293187261555493,-8.000226423852952,-6.08355663054644,-1.1677538342360387,-6.674697616925007,-0.6221228329917532,-4.994626191244443,1000.0,-1.4552499336325087,-0.8980308177003596,-3.219832685538905,-7.891742124689195,-8.299029129309961,1000.0,-6.418302853129391,-0.6762373268714419,0.32493510684247545,-1.4768817447574665,1000.0
233.0,1000.0,1000.0,-0.28341262515963433,-2.293563788029129,-2.0080901442765153,-0.4654961622649362,0.1478684840324302,-4.175152128161465,1.4953126360911577,-4.166836604177124,-4.1662163653596735,-2.1133540824355697,1.2027061899710496,-3.61937962102507,-6.885249534659274,-0.6003634038634148,-1.8173010783581012,-0.5208161809975024,-6.781762672380591,-5.082512259283586,-1.6965084630431084,1000.0
234.0,-4.1836605087176775,1000.0,1000.0,1000.0,1000.0,1000.0,-7.151679964075961,-11.063803262010907,-4.732197882116138,1000.0,1000.0,1000.0,-6.515178978735435,-9.774619678189547,1000.0,1000.0,-10.606462403340291,-8.863456273585527,1000.0,1000.0,1000.0,-4.341762235664637
235.0,1000.0,-9.667306226671116,-2.854133216599156,-1.2161596075858265,0.314779851697329,-1.5415745569787156,-4.952203655105004,-1.2597375903533439,0.47870589310681744,-0.258160828291166,-1.8672846848515006,1.3869513508801872,-0.9558455297708713,-0.7674697306215509,1000.0,0.949569590464652,0.40297796731700447,-0.9516632349069434,1000.0,-3.99359105759876,-0.2888157191391153,-1.9808533868813947
236.0,1000.0,-7.518829896070905,-4.627775902900043,-3.7517523054952653,1000.0,-4.973368141955138,-8.722772272552406,-6.519917840928395,-8.9184450374545,-3.077897058109886,-4.405085134446963,1000.0,-1.3027555518043556,-5.173745982816159,-9.554897278005718,-1.8673400149534756,-2.244218865256897,-2.822192436488514,-0.6242057746500498,-2.409293261457573,-11.243055127200726,-4.544074555257778
237.0,-10.436921918963815,1000.0,-3.7194335874856255,-2.058636753956508,-10.534803400287723,-6.739481033753003,-5.881076866083658,1000.0,-8.074676506570423,0.5898464118056955,1000.0,1000.0,-4.582131513316796,1000.0,1000.0,-8.148716847204769,1000.0,1000.0,1000.0,-6.179660667811017,1000.0,-8.788273145491958
238.0,1000.0,-8.478298177038754,-1.4218788090073657,-2.030000538115781,1.7962534592416026,1000.0,1000.0,-0.9839617421159175,-2.448880883296681,-1.209337259763542,-0.7477145914946646,0.047656380083966,1000.0,-2.9049064805377025,-1.6226357966124116,-1.7403259446588633,1.2028337894917618,1.5674598641946917,-0.031656443585488026,-2.492696231294926,-3.720340686244414,-1.383339507596014
239.0,1000.0,-9.056101324065011,-0.7756203914684887,-5.694867513759329,-0.8423834992116775,-2.423338487539496,-5.565013447472361,-2.5689341119345506,1.0990993548197798,-1.2728593684516714,2.4405400961591375,-2.14252129039137,-2.8550777186597074,-3.000932759302348,1000.0,-1.8580087817718074,-2.23277472769179,1.0532367721577602,-0.9439613631484537,1.1870723467641366,-5.251859411128244,-4.212070159882407
240.0,-6.680232479121676,-8.99168743951703,-0.9296537208064886,-2.8863663633181513,-1.2230793279336654,1.4859599360660165,-5.16582852490008,1000.0,-1.217595348343093,-4.8711833981917,0.13611167238690422,-1.3247103843567694,0.09748087797461824,-2.212087133674435,1000.0,-2.7972443401700087,-5.420271742742072,-2.111322854325599,-3.440169046551538,-7.645873681455064,0.7283615832065794,-2.184577296353003
241.0,1000.0,1000.0,-1.4036296983105054,-5.619847855155625,1000.0,-0.3120117104822297,-7.770427672398813,0.10097847068256108,1.2231162463050385,-7.070551578044157,-2.3765462482689186,-6.219092364736348,-2.4378903873536864,-0.7240204399658228,-7.40096031795936,-2.80183983424879,-1.4416003743944508,-0.6809178186711653,-2.868364203699646,-4.705676967091478,-3.8095419927131178,1000.0
242.0,1000.0,1000.0,-2.6467020922795585,-3.8832047588912557,-2.0925732841714773,-4.599518403420278,-1.200226590440418,-2.6562770228763286,-1.8457938099634243,-3.3388743503420817,-2.413891092076142,-1.2076125715178674,-3.7131542248184677,-3.1478801750758705,-3.966730163721583,1000.0,-1.8739954778953223,-1.3245408731399988,1000.0,-2.708612219022082,-1.3864500758875176,-3.2182331846128625
243.0,-4.284241441161612,-6.387892067990014,0.9720186411996764,-2.9778222204127136,1000.0,-4.337912912600055,-2.888113935609734,-6.146843107342415,-2.55002874432836,1000.0,-6.344693728758509,-0.19216249903102164,-0.22522722193026123,-8.360886156600053,-6.567575776918776,-5.331443365981358,-7.215089558778658,-6.083107792368951,-7.007795058365838,1.4354976527966554,-7.369814796800441,-3.518482452888794
244.0,1000.0,1000.0,-0.17767217079197384,0.6105439873710523,1.346571939480929,2.4412096602759368,0.34231280190840296,-0.5258432706704466,-3.2352075730684726,1000.0,-0.9459333418426268,-1.2816060750184466,-2.189485879014695,0.1586395137904159,-7.016605307825748,-0.6210198174183263,0.9686802852900201,1.3746423379291923,0.5390221672864814,0.4509151745515495,-1.4167147371059263,-0.08431635556122374
245.0,1000.0,-9.845377259590206,-10.687039976045362,-7.0687202718937225,1000.0,-8.176674860064564,1000.0,-7.789646020128556,-11.577849046956285,-1.6935812718323486,1000.0,0.8092930894099344,-3.125275248572226,1000.0,-6.8337330551512725,1000.0,-9.303197775422134,1000.0,-4.990886706901115,-2.8227904930286987,-1.0985164323322332,-2.7879346020264504
246.0,-6.054298679070882,-9.761155707103836,-0.5654695105483641,-1.197036456728858,0.018381232260954616,1000.0,1.2257060097120343,-0.05467172323282693,-2.256325446316588,-2.7219572774420544,-1.4792934645249227,-1.919290694067458,0.23713369025654063,0.6857751351642118,-7.179403101317515,-3.3122829158477956,-0.21094853831284355,-1.5221894952918558,-0.23595691362979399,-1.5056599839821891,-2.056175124134143,-1.6131975076709573
247.0,1000.0,-5.780818150014488,1000.0,0.4604754447062318,-5.861184255124899,-8.390494698420605,-1.980972218990211,-1.1473241530027678,-6.3091592311129805,-8.511689736760621,-9.580079396194106,-6.366091017403681,-5.938862167002899,-5.343023770333229,-9.70556251602625,-8.110383622946316,1000.0,0.9934092730969241,0.9318530260072438,-6.772347082010818,0.6513966654414928,-4.63863466574354
248.0,1000.0,-6.2913130385118,0.05234878720344621,-2.1432544494164674,0.21909621212758662,-3.477329904644859,-7.706108578173799,-3.1715861465416015,-1.6949244497204898,-1.6631511343718108,-4.51134529889295,1000.0,-0.6058766362396797,1000.0,-6.854800624628038,-0.9495862818200941,-0.4507362529421096,2.2301989485986855,0.22483954114797183,-3.5220896934335997,-1.3618411866556301,-5.735697519771012
249.0,-7.494592442228726,-4.7005058608105035,-5.26303665500698,-4.91361611388848,-6.941392701993966,-1.3941491628535485,-5.5560476577754025,1000.0,-4.82341279388973,-7.60270469810011,1000.0,-7.140959749269335,-6.082147096003783,-7.675506322729774,1000.0,-6.909944182411322,-7.568617949241082,-6.0409791426837165,-10.814525973301276,-4.780103107954131,1000.0,-8.789461293565179
250.0,1000.0,-4.019521176720554,-1.536309719753249,-4.471488056053235,-6.798636642645711,1000.0,-5.157724398614997,-4.77054432412495,-10.358608446575797,1000.0,1000.0,-5.143529904015981,1000.0,1000.0,-9.650758558290063,-7.115808628597569,-8.015452296111324,-7.629286562360188,-9.832095003116628,-9.203956659983675,-5.307515383906365,-7.369254304441344
251.0,1000.0,-9.276425604839261,-4.656010430142319,-6.768530223268843,1000.0,-9.788502494705156,0.6979863075627069,-9.00669495762796,-6.351627910440964,-0.6068758454262021,1000.0,1000.0,-2.5315323214859133,1000.0,1000.0,1000.0,-10.031229838238266,-9.426452259961906,1000.0,-3.398173603176794,-1.0613661246052923,-0.5287372599337189
252.0,1000.0,-9.595399883872867,-5.658635716305556,-7.850811458716967,1000.0,1000.0,1000.0,-10.582957150482056,1000.0,1000.0,1000.0,-6.4539721729313,-1.1412016308559159,1000.0,1000.0,-7.319074454429145,1000.0,-9.286444174388848,1000.0,-1.2346929995141394,-12.002100446801833,1000.0
253.0,1000.0,1000.0,1000.0,-2.4542206207273187,1000.0,-10.097876464840969,-4.53240101835906,-5.972755304484348,1000.0,-2.3158255567411703,1000.0,-2.958970403901568,-4.201280067197358,1000.0,1000.0,-7.435898675715864,-9.507669323084375,-0.5852297740138029,-2.090332589249668,0.8541042233005292,-4.886411890328697,-8.493663916424692
255.0,1000.0,-8.185642173105917,-5.060901354747241,1000.0,-6.539785397375437,-3.7728221439233183,-4.910705897902505,-7.765382152880433,0.6850675089919949,-4.3174685428958135,1000.0,-3.9342952959192896,-3.499721788570784,-1.795184958558584,-6.735427615647176,-0.6363356510620478,-1.2286671702996372,-2.296564296820249,-4.497727770152287,-3.1402477819787897,1000.0,-3.4314038387669896
256.0,1000.0,-10.122750776479071,-3.4594120153746353,-7.427284634134818,-7.157152340186935,1000.0,-0.38653181659271674,-10.68967757830459,1.40264486394747,-2.554165261346383,-0.6929447973955538,-5.453596447634819,-4.839580677387069,-0.75404201441384,1000.0,-0.6010835949658094,-1.6179967402211408,-3.1853813773759088,-5.611929411034439,-5.028995104700676,-0.6975584892923273,1000.0
257.0,1000.0,-10.381233242210604,1000.0,-5.101667115136371,1000.0,-5.982609344841441,-9.69096944280891,-3.550947366040062,1000.0,-6.969556602069657,1000.0,-8.814972414562945,-9.25443750762221,-11.981323491879358,-7.060485849809179,1000.0,1000.0,0.46004814215660883,-5.530717515308514,-3.5607799667061135,-8.135955652346908,-5.240899622878739
258.0,1000.0,-5.598804181496648,-5.53719891463159,-6.279774629483104,-6.207197900250461,-9.143807501932727,1000.0,-8.421957952383462,-2.1522766672040663,-3.043485395670444,-5.89599832369083,-1.501028097484519,-1.4018612013373075,-7.2694050529867,-8.68867277166029,-6.266604623439645,1000.0,-6.545200298353716,-6.245044068968939,-3.147073714069851,-1.6068455784869984,0.6445000993524072
259.0,1000.0,-11.94047778484706,1000.0,-5.4495747076571295,-7.982451394226677,-1.6644815743898125,-3.654124611120902,-3.2291978390781955,-1.8156066088523235,-0.8091858252936392,-3.085763722215957,-2.359929366478028,-1.1594736700731594,-6.393756172078812,-10.915507878961083,-3.5776978345587995,-0.8741626380270009,-2.0857858266250124,-1.6025700955422943,-1.7392667964901132,-5.9871041926204684,-1.1848044927527934
260.0,1000.0,-7.743593518804571,-1.6292763488163624,-2.6562081863671136,1000.0,-7.716846322367367,-2.763435683035052,-7.583887752111704,-7.714237832662134,0.5724348006439625,-7.1428554619708144,1000.0,-2.0220902194277985,-7.857201885294515,-7.919592426382563,-6.286547668157288,-7.22860658437172,-7.193454223904479,-5.085645931166607,-0.49407025985128045,-3.605122651525078,-5.2352840436526344
261.0,-4.083001745166968,-1.6097181872503252,-2.790599819335306,0.871236947518883,-1.2782209955073134,-3.6661827169258103,-3.783088718451509,1.6024764707082098,2.2074778651837543,-0.5783813417347907,-1.8134294177536132,0.2648229643195058,-0.8889046782504801,2.061624685996915,-5.108217338844778,-2.5239474069700427,-3.3872432519395224,1000.0,0.26550916767310856,0.5619029898685011,0.5298981913866443,-5.451376723783438
262.0,1000.0,-0.6498447925334722,-0.5003087017581901,-6.045202994644499,-5.4304559128018965,-2.507596289912648,-2.420463476393639,-1.734274196915568,-1.4584782483100398,-4.730490418425134,-0.24702210567576488,-1.544578095182894,-2.3576226819372446,-2.619784655662576,0.24768793142697348,-0.7435999420143612,1000.0,-4.148812213797635,-1.6147572824006415,-4.551756377624424,-1.4549265610813247,1.936717361708521
263.0,1000.0,-1.2225232578067597,-2.1648560997907875,0.6662774812404048,-0.3819799023105084,1.2607341233616634,-0.5324255729793588,1000.0,1.142113518321797,-5.152290837212886,0.15013891190962125,2.950088380374125,1.7671015869182574,2.101541807700447,-3.513601740065915,0.7334652114860065,1.6497379538298023,-0.8702057607488028,1.0848599160551688,0.6445213314189169,-0.0835767840158239,-0.40900500566674236
