,antibody,background,aa_substitutions,diffsel_R1,diffsel_R2,normalized_R1,normalized_R2,diffsel_average,normalized_average,position
0,Ab9207,SN89,K166L,7.87665253143025,6.367437592303728,1.0,0.7666843377647842,7.122045061866989,0.8833421688823921,166
1,Ab9207,SN89,V169E,7.687854818000596,7.878478457006606,0.9760307170239777,0.9486243015094643,7.7831666375036015,0.962327509266721,169
2,Ab9207,SN89,V169Y,7.56356443211869,7.4793676136576925,0.9602511221534474,0.9005685446697653,7.521466022888191,0.9304098334116064,169
3,Ab9207,SN89,K166V,7.4893725031624445,7.633986283447356,0.9508319014045066,0.9191857216322915,7.5616793933049005,0.935008811518399,166
4,Ab9207,SN89,K166N,7.469613876147128,7.450791901721057,0.9483233958005748,0.8971278276678778,7.460202888934092,0.9227256117342263,166
5,Ab9207,SN89,V169H,7.4442591519583186,7.569606952884746,0.9451044237705611,0.9114339967504026,7.506933052421532,0.9282692102604819,169
6,Ab9207,SN89,K166S,7.425697132567545,7.619341371683933,0.9427478364618402,0.9174223710985485,7.522519252125739,0.9300851037801944,166
7,Ab9207,SN89,V169Q,7.425083626743679,8.017641624313692,0.9426699473050674,0.9653805271059339,7.721362625528686,0.9540252372055007,169
8,Ab9207,SN89,K166Q,7.2645290058071,7.104224189474673,0.922286336336332,0.8553986339219611,7.184376597640886,0.8888424851291465,166
9,Ab9207,SN89,V169W,7.231841258562493,8.305161953441695,0.9181363821376197,1.0,7.768501606002094,0.9590681910688099,169
10,Ab9207,SN89,V169C,7.226017749315702,7.789593186184327,0.9173970440465266,0.9379218888026964,7.507805467750014,0.9276594664246115,169
11,Ab9207,SN89,N171W,7.205534009705818,6.600906586261266,0.9147964799708423,0.7947956491716361,6.903220297983542,0.8547960645712392,171
12,Ab9207,SN89,V169F,7.132401101835979,7.897164825107913,0.9055117098761841,0.9508742718539394,7.514782963471946,0.9281929908650617,169
13,Ab9207,SN89,N171Y,7.041467458227525,4.226744927629041,0.8939670031310787,0.508929862093473,5.634106192928283,0.7014484326122759,171
14,Ab9207,SN89,K166A,7.031820045095846,8.254732424863617,0.8927421918177469,0.9939279295381855,7.643276234979732,0.9433350606779662,166
15,Ab9207,SN89,V169D,6.927828645554086,7.628544061391284,0.8795397052123263,0.918530439762223,7.278186353472685,0.8990350724872747,169
16,Ab9207,SN89,N171F,6.921591261782603,7.344172739765195,0.878747822652242,0.88429012955271,7.132882000773899,0.881518976102476,171
17,Ab9207,SN89,V169S,6.775085049793965,6.972191798312847,0.8601477623596199,0.8395010040019196,6.873638424053406,0.8498243831807697,169
18,Ab9207,SN89,K166G,6.694390518145436,6.319308324048322,0.8499029875232877,0.7608892348486441,6.506849421096879,0.805396111185966,166
19,Ab9207,SN89,K166F,6.644440887503288,7.286297465608406,0.8435615080124379,0.877321538876064,6.965369176555847,0.860441523444251,166
20,Ab9207,SN89,N171R,6.631570170220833,7.115879039766988,0.8419274741089368,0.8568019599928617,6.87372460499391,0.8493647170508992,171
21,Ab9207,SN89,K166T,6.532065108423807,7.012462422108199,0.829294561662949,0.8443498707694922,6.772263765266003,0.8368222162162207,166
22,Ab9207,SN89,V169R,6.516113123074615,7.420504768595291,0.8272693377133665,0.8934810434997238,6.968308945834953,0.8603751906065451,169
23,Ab9207,SN89,V169G,6.463351536820191,6.859744149151306,0.8205708593884831,0.8259615149718541,6.661547842985748,0.8232661871801685,169
24,Ab9207,SN89,V169K,6.436946021293089,7.1911672417000245,0.8172184815323144,0.8658671898288478,6.814056631496557,0.8415428356805811,169
25,Ab9207,SN89,E173T,6.374027911379579,7.101952720611721,0.8092305565016688,0.8551251330708417,6.73799031599565,0.8321778447862552,173
26,Ab9207,SN89,V169M,5.714757889574174,6.542897689210102,0.7255312922298583,0.7878109693572799,6.128827789392139,0.7566711307935692,169
27,Ab9207,SN89,S126C,5.661283510624667,5.270600351661205,0.7187423195366834,0.6346174079696357,5.465941931142936,0.6766798637531596,126
28,Ab9207,SN89,V169P,5.594459805867841,4.8013219686726085,0.7102585500051244,0.5781129851035499,5.1978908872702245,0.6441857675543372,169
29,Ab9207,SN89,K166I,5.27581661575993,5.327717575170563,0.6698044117990237,0.6414947240086912,5.301767095465246,0.6556495679038574,166
30,Ab9207,SN89,K166E,5.219111738560384,5.289814244123547,0.6626053031709263,0.6369308959630131,5.254462991341965,0.6497680995669697,166
31,Ab9207,SN89,V169A,4.669941464658661,5.089206332014909,0.5928840260534748,0.6127762902812413,4.879573898336785,0.6028301581673581,169
32,Ab9207,SN89,K166M,4.611232518346009,5.121503742178227,0.585430485849894,0.6166651259649252,4.866368130262118,0.6010478059074096,166
33,Ab9207,SN89,N171M,4.434039629988706,5.612166962843666,0.5629345222853913,0.6757444339201549,5.023103296416187,0.6193394781027731,171
34,Ab9207,SN89,N171I,4.411925250537592,2.297183227879953,0.5601269362756148,0.27659704178652295,3.354554239208772,0.4183619890310689,171
35,Ab9207,SN89,K166Y,4.385270852849081,3.567691442988022,0.5567429609660336,0.4295751802298756,3.976481147918552,0.4931590705979546,166
36,Ab9207,SN89,N171E,4.188982328751724,2.532820110347429,0.5318226635028528,0.3049693822403809,3.3609012195495764,0.4183960228716168,171
37,Ab9207,SN89,P128D,4.029401818067304,4.265553264185917,0.5115627231223873,0.5136026591773148,4.1474775411266105,0.512582691149851,128
38,Ab9207,SN89,P128E,3.995337271543399,4.341221167965172,0.507237973949058,0.522713607790171,4.168279219754286,0.5149757908696144,128
39,Ab9207,SN89,V169T,3.959093685632957,3.3788124229066523,0.5026365794142833,0.40683281576543584,3.668953054269805,0.45473469758985957,169
40,Ab9207,SN89,T86D,3.923232672415647,0.4171845973920711,0.4980837553466717,0.05023196413637521,2.170208634903859,0.27415785974152346,86
41,Ab9207,SN89,V169L,3.674286211063375,5.702758986562057,0.4664781385749658,0.6866523516978268,4.688522598812716,0.5765652451363963,169
42,Ab9207,SN89,V169N,3.576166027729612,2.3393298015412203,0.45402104681647654,0.281671786131972,2.957747914635416,0.3678464164742243,169
43,Ab9207,SN89,E103H,3.55822994466625,1.6583027697223311,0.4517439268100028,0.19967133440849077,2.6082663571942906,0.3257076306092468,103
44,Ab9207,SN89,V169-,3.4441804523484003,2.480665975294136,0.4372644900362264,0.29868965701097944,2.962423213821268,0.3679770735236029,169
45,Ab9207,SN89,H208L,3.282738225024253,1.0776610650974432,0.41676819079236066,0.12975798318428405,2.1801996450608483,0.27326308698832236,208
46,Ab9207,SN89,S207H,3.1933400626049653,4.295402665023542,0.4054184248781526,0.5171967372946302,3.7443713638142535,0.4613075810863914,207
47,Ab9207,SN89,E173V,3.1684850463814622,1.1620980199689404,0.40226289451492736,0.13992478731704466,2.165291533175201,0.271093840915986,173
48,Ab9207,SN89,G134S,3.042403380101042,1.0069125984378997,0.3862558831890734,0.12123936945270895,2.0246579892694707,0.25374762632089115,134
49,Ab9207,SN89,E72R,3.0130147946515,1.2767771468926457,0.38252478227630965,0.15373296198800115,2.1448959707720725,0.2681288721321554,72
50,Ab9207,SN89,K219S,2.9432427657709845,0.4973335306755706,0.3736667009273986,0.05988246026550673,1.7202881482232777,0.2167745805964527,219
51,Ab9207,SN89,K172G,2.8462352544438665,2.363231806164996,0.3613508712091232,0.2845497558522218,2.604733530304431,0.3229503135306725,172
52,Ab9207,SN89,G240N,2.7913862069408197,3.2233034281844506,0.354387374052916,0.38810843740966416,3.007344817562635,0.3712479057312901,240
53,Ab9207,SN89,Y102W,2.6081641292396154,1.4416865033986592,0.3311259597693619,0.17358921011783737,2.024925316319137,0.2523575849435996,102
54,Ab9207,SN89,S126W,2.5602799120938267,0.6099613061282817,0.3250466999626463,0.07344363776982231,1.5851206091110541,0.1992451688662343,126
55,Ab9207,SN89,S126D,2.511821894832386,3.420773783248423,0.31889459193603487,0.4118852591225918,2.9662978390404042,0.3653899255293133,126
56,Ab9207,SN89,S126-,2.4988010571679564,0.4293869983447732,0.3172414991263074,0.051701219163683296,1.4640940277563648,0.18447135914499535,126
57,Ab9207,SN89,P69Y,2.4113229701330066,0.0121578819505667,0.30613550115497556,0.0014638946258631865,1.2117404260417866,0.15379969789041936,69
58,Ab9207,SN89,F75W,2.371533325284922,2.789653275102326,0.3010839078938394,0.3358939043863295,2.580593300193624,0.3184889061400844,75
59,Ab9207,SN89,L74W,2.369666707038346,0.1515347533606456,0.30084692673475844,0.018245851701645496,1.260600730199496,0.15954638921820197,74
60,Ab9207,SN89,E78L,2.3526981468907517,0.2024857414593291,0.29869264100488974,0.024380709562854236,1.2775919441750405,0.161536675283872,78
61,Ab9207,SN89,N58H,2.29681467298947,0.548301807731356,0.29159781567416837,0.06601939983893237,1.422558240360413,0.1788086077565504,58
62,Ab9207,SN89,P128H,2.2306401020164106,0.9390938504726876,0.28319645853558667,0.11307351448860344,1.584866976244549,0.19813498651209505,128
63,Ab9207,SN89,S126I,2.2114010923584377,2.0254050516911146,0.28075392224479523,0.24387303499262622,2.118403072024776,0.26231347861871074,126
64,Ab9207,SN89,K172D,2.181026480969189,2.181649743030971,0.2768976379580319,0.26268599640334356,2.18133811200008,0.26979181718068773,172
65,Ab9207,SN89,D190T,2.1328714667704785,0.7942257482998882,0.27078399843838097,0.0956303745492594,1.4635486075351833,0.18320718649382017,190
66,Ab9207,SN89,E173H,2.1076354594651017,1.650495953214545,0.2675800984053813,0.19873133871044768,1.8790657063398233,0.23315571855791448,173
67,Ab9207,SN89,P122H,2.027431678930687,2.038716778048874,0.25739762809653155,0.24547586061269053,2.033074228489781,0.25143674435461105,122
68,Ab9207,SN89,L109I,1.9941670101214315,1.329063865810538,0.25317442938660756,0.16002865124860907,1.6616154379659847,0.2066015403176083,109
69,Ab9207,SN89,K219A,1.9925720077856937,0.0946259277060592,0.252971931900604,0.011393628232240046,1.0435989677458763,0.13218278006642203,219
70,Ab9207,SN89,S125D,1.9048832598720875,2.346458568101264,0.2418391889538127,0.2825301398401847,2.1256709139866756,0.2621846643969987,125
71,Ab9207,SN89,N171Q,1.9038311828684196,1.2848663319247255,0.24170561990281422,0.1547069568453474,1.5943487573965727,0.19820628837408083,171
72,Ab9207,SN89,K172-,1.8977441140677225,2.189377313637343,0.2409328209534626,0.2636164503366555,2.043560713852533,0.25227463564505903,172
73,Ab9207,SN89,S167E,1.8435180817996584,0.6788201386687428,0.2340484202449528,0.08173472624304898,1.2611691102342006,0.15789157324400088,167
74,Ab9207,SN89,V112T,1.812257453216823,0.3999613103443713,0.23007964944313108,0.04815815905656429,1.1061093817805971,0.13911890424984769,112
75,Ab9207,SN89,E107I,1.7967280903102576,1.829904268996041,0.22810808057620463,0.22033336366640274,1.8133161796531492,0.22422072212130367,107
76,Ab9207,SN89,P122N,1.791465115045084,1.8733952320044984,0.2274399064699872,0.22556998195900987,1.8324301735247912,0.22650494421449854,122
77,Ab9207,SN89,K166R,1.7101150569260544,3.0171158945626098,0.21711190764124388,0.36328200599535615,2.363615475744332,0.29019695681830004,166
78,Ab9207,SN89,E119P,1.6967637591692706,0.7150892073120637,0.21541686044911398,0.08610177758372642,1.205926483240667,0.1507593190164202,119
79,Ab9207,SN89,P122D,1.6757617804951617,1.1517493466181503,0.21275050204491822,0.13867873415049545,1.413755563556656,0.17571461809770683,122
80,Ab9207,SN89,P122E,1.6669709800838732,2.529595770364328,0.21163444412866375,0.3045811489944579,2.0982833752241006,0.2581077965615608,122
81,Ab9207,SN89,F115S,1.6321828830903844,0.4296514974921439,0.2072178348070422,0.05173306672413467,1.0309171902912642,0.12947545076558845,115
82,Ab9207,SN89,L66M,1.6268424690359131,1.91166036305551,0.20653982926685094,0.2301773732736554,1.7692514160457116,0.21835860127025317,66
83,Ab9207,SN89,N199D,1.6233336223253043,0.2627268203961294,0.20609435491126557,0.031634159799527356,0.9430302213607169,0.11886425735539646,199
84,Ab9207,SN89,N91S,1.589213136298832,0.5702087176177351,0.201762503799347,0.06865714609953369,1.0797109269582834,0.13520982494944034,91
85,Ab9207,SN89,E238S,1.578788630225734,0.5752232846956162,0.20043903472012825,0.0692609352978651,1.077005957460675,0.13484998500899667,238
86,Ab9207,SN89,D101L,1.5659986688144771,2.0416091577275672,0.19881525337897846,0.24582412349966462,1.8038039132710222,0.22231968843932154,101
87,Ab9207,SN89,K174Q,1.550799579900525,0.3669347351050057,0.19688561526769918,0.04418152676155175,0.9588671575027653,0.12053357101462547,174
88,Ab9207,SN89,G240K,1.5090762405660003,3.55417467197765,0.19158852501672824,0.4279476657893209,2.5316254562718252,0.3097680954030246,240
89,Ab9207,SN89,G240W,1.497233104447142,0.3476521964819516,0.19008495023396355,0.04185977328688732,0.9224426504645469,0.11597236176042544,240
90,Ab9207,SN89,A218Q,1.4839838113593369,0.5465535903856962,0.18840285329812229,0.06580890215623092,1.0152687008725165,0.1271058777271766,218
91,Ab9207,SN89,I188Y,1.4773296427014102,1.2927495982402606,0.18755805677683682,0.15565615763874893,1.3850396204708355,0.17160710720779287,188
92,Ab9207,SN89,V135N,1.4646669469157456,1.0949312085626297,0.1859504327595101,0.13183743010681273,1.2797990777391877,0.1588939314331614,135
93,Ab9207,SN89,V205C,1.4564367604544508,0.0697814199709043,0.18490554898071523,0.008402174498473997,0.7631090902126776,0.09665386173959462,205
94,Ab9207,SN89,E173R,1.4482057178918577,1.6711728728024753,0.18386055651345218,0.20122098547517595,1.5596892953471664,0.19254077099431405,173
95,Ab9207,SN89,L152I,1.4092977008841974,0.7561864062350718,0.17892089250613366,0.09105016981898889,1.0827420535596346,0.1349855311625613,152
96,Ab9207,SN89,D101S,1.394194619015759,1.5711610747866531,0.1770034432079486,0.18917886052005972,1.482677846901206,0.18309115186400415,101
97,Ab9207,SN89,K123W,1.3876605133428528,1.2328701831105082,0.17617388958134986,0.14844625427197136,1.3102653482266806,0.1623100719266606,123
98,Ab9207,SN89,R106W,1.3640899642471709,0.0319479970780699,0.173181431934954,0.0038467638869860337,0.6980189806626204,0.08851409791097002,106
99,Ab9207,SN89,K144E,1.3554642796834626,3.069865468485463,0.172086336711534,0.3696334262588699,2.2126648740844628,0.27085988148520196,144
100,Ab9207,SN89,A259G,1.3532948657769337,0.9591645172605436,0.17181091337682775,0.11549016414581316,1.1562296915187387,0.14365053876132045,259
101,Ab9207,SN89,N171G,1.343838973961019,3.497736781399932,0.1706104171281761,0.42115214622039426,2.4207878776804757,0.2958812816742852,171
102,Ab9207,SN89,V178I,1.3377582846467375,0.4269245734003337,0.16983842810237892,0.05140472585527538,0.8823414290235356,0.11062157697882716,178
103,Ab9207,SN89,P122-,1.3179370736943634,1.2138774212424668,0.167321976999162,0.14615939195977157,1.265907247468415,0.15674068447946676,122
104,Ab9207,SN89,S207D,1.3069671424921463,0.9511546839190116,0.16592926211699044,0.11452572379095496,1.1290609132055789,0.1402274929539727,207
105,Ab9207,SN89,P162N,1.3055901498905382,1.6120187886794843,0.1657544425986591,0.1940984170707781,1.4588044692850113,0.1799264298347186,162
106,Ab9207,SN89,P221T,1.3020097200834824,1.9728017158181428,0.16529988023314038,0.2375392228204057,1.6374057179508126,0.20141955152677304,221
107,Ab9207,SN89,V223L,1.2966062051116694,0.3742640412700615,0.16461386355914703,0.04506402685079065,0.8354351231908654,0.10483894520496884,223
108,Ab9207,SN89,K123P,1.282475187086437,1.553828632051003,0.16281982504229675,0.18709191232653682,1.41815190956872,0.1749558686844168,123
109,Ab9207,SN89,T242F,1.2684647178824424,3.5981001958204826,0.16104109110067769,0.43323660826739374,2.4332824568514626,0.2971388496840357,242
110,Ab9207,SN89,A218W,1.263708799798955,0.5209472838651393,0.16043729169928098,0.0627257224826611,0.8923280418320472,0.11158150709097103,218
111,Ab9207,SN89,T242W,1.250625606257483,2.00079118827065,0.1587762823441944,0.24090935245898648,1.6257083972640665,0.19984281740159043,242
112,Ab9207,SN89,Y98F,1.2094410753553135,0.4510248911089445,0.15354759785699243,0.054306573867838645,0.830232983232129,0.10392708586241553,98
113,Ab9207,SN89,S210Y,1.1962883868291383,0.1929130233420425,0.15187776559338909,0.023228086872176947,0.6946007050855904,0.08755292623278302,210
114,Ab9207,SN89,K172W,1.1476060762904217,0.3320534774286844,0.14569718185626734,0.039981577636915316,0.739829776859553,0.09283937974659133,172
115,Ab9207,SN89,S203H,1.1470803697452674,0.4413833955976074,0.14563043947515347,0.05314566989445597,0.7942318826714374,0.09938805468480472,203
116,Ab9207,SN89,K144S,1.1470244925206847,0.7681333269717397,0.14562334544322053,0.09248866322870705,0.9575789097462122,0.11905600433596379,144
117,Ab9207,SN89,A193M,1.13721264490433,0.2850219009088233,0.1443776579411754,0.03431864453777557,0.7111172729065767,0.08934815123947548,193
118,Ab9207,SN89,G240C,1.111037530875843,1.052980010582642,0.1410545312799395,0.1267862103695982,1.0820087707292423,0.13392037082476885,240
119,Ab9207,SN89,P122K,1.110817556464793,0.913981236473523,0.14102660388182564,0.11004977887213448,1.012399396469158,0.12553819137698005,122
120,Ab9207,SN89,P122S,1.0953662350962723,1.2106930161228129,0.13906494297233835,0.14577596715270513,1.1530296256095425,0.14242045506252174,122
121,Ab9207,SN89,T86P,1.0928381696542866,1.2356064946494352,0.1387439861404992,0.14877572545558782,1.1642223321518608,0.1437598557980435,86
122,Ab9207,SN89,R212Q,1.0901996964970055,1.6392020007316737,0.13840901222274002,0.19737146727793564,1.3647008486143397,0.16789023975033784,212
123,Ab9207,SN89,D190C,1.081142789206317,3.2939420858336232,0.13725917004618737,0.39661382936290596,2.18754243751997,0.2669364997045467,190
124,Ab9207,SN89,T235D,1.0601678772511185,1.5236916394507716,0.13459624796456676,0.18346320613523343,1.291929758350945,0.1590297270499001,235
125,Ab9207,SN89,S113G,1.0491981036224771,2.2253364699514733,0.1332035530875402,0.26794618604990406,1.637267286786975,0.20057486956872211,113
126,Ab9207,SN89,S261T,1.0457857609374768,1.068210953791664,0.13277033064039223,0.12862012321734348,1.0569983573645705,0.13069522692886787,261
127,Ab9207,SN89,W127Y,1.0410171833866806,0.6895475663931148,0.13216492402485752,0.08302638410408882,0.8652823748898977,0.10759565406447316,127
128,Ab9207,SN89,P128G,1.0094703297392975,0.199070658978089,0.12815981480853733,0.02396950957658246,0.6042704943586933,0.07606466219255989,128
129,Ab9207,SN89,G263A,1.0016030993453626,1.2958487685995588,0.12716101101942232,0.15602931958028265,1.1487259339724607,0.1415951652998525,263
130,Ab9207,SN89,E227K,0.9941257963467122,0.4819842322002957,0.12621171143196255,0.058034296610020866,0.738055014273504,0.09212300402099172,227
131,Ab9207,SN89,G159M,0.9939893427259876,0.7711293212155668,0.12619438762338017,0.09284940203917486,0.8825593319707772,0.10952189483127751,159
132,Ab9207,SN89,P122G,0.9654210908898344,0.4308124939978892,0.12256743420349055,0.05187285888138023,0.6981167924438618,0.08722014654243539,122
133,Ab9207,SN89,S79A,0.9587061748686608,1.0425515772509857,0.121714925349713,0.12553055353953066,1.0006288760598232,0.12362273944462182,79
134,Ab9207,SN89,E116N,0.9543357487686588,2.897507819020534,0.12116006704124214,0.348880351191682,1.9259217838945966,0.23502020911646207,116
135,Ab9207,SN89,K144F,0.9422407607825454,2.1972409658039465,0.11962451777867779,0.2645632894483653,1.569740863293246,0.19209390361352155,144
136,Ab9207,SN89,S140V,0.9421091891924206,0.6525267449494692,0.11960781378042476,0.0785688164309739,0.7973179670709449,0.09908831510569932,140
137,Ab9207,SN89,F75Y,0.9315178576097612,0.3417730939465105,0.11826316495398526,0.041151887929756534,0.6366454757781359,0.0797075264418709,75
138,Ab9207,SN89,P128W,0.92964295968807,0.2314240868915983,0.11802513262817048,0.027865090191973335,0.5805335232898341,0.0729451114100719,128
139,Ab9207,SN89,Y201A,0.9103119624469465,0.6900681924183046,0.11557091782511969,0.08308907114476405,0.8001900774326256,0.09932999448494187,201
140,Ab9207,SN89,K157A,0.9022457350639204,0.2286360558531451,0.11454684987863617,0.027529391616306447,0.5654408954585327,0.0710381207474713,157
141,Ab9207,SN89,F118Y,0.8934448704396749,1.8339333072566515,0.11342951423521057,0.22081848825315942,1.3636890888481632,0.167124001244185,118
142,Ab9207,SN89,E173Q,0.8808034939668554,1.177202036113192,0.11182459686423647,0.14174341725212888,1.0290027650400237,0.12678400705818269,173
143,Ab9207,SN89,N142V,0.8681940491282726,2.7911963028465,0.1102237334532548,0.33607969579567515,1.8296951759873863,0.22315171462446498,142
144,Ab9207,SN89,S126E,0.8655164729018837,2.521752826630091,0.10988379510816411,0.3036368033238732,1.6936346497659873,0.20676029921601866,126
145,Ab9207,SN89,K77F,0.811689952019976,0.7206645306025224,0.10305011536069225,0.08677308577996795,0.7661772413112492,0.0949116005703301,77
146,Ab9207,SN89,P128A,0.7759068159916219,2.499583621000127,0.09850717838517273,0.300967474808157,1.6377452184958745,0.19973732659666488,128
147,Ab9207,SN89,N187Q,0.7668300532468412,1.2588759826175184,0.09735481541009394,0.15157753571510243,1.0128530179321797,0.12446617556259819,187
148,Ab9207,SN89,A84V,0.7428243252608615,0.173510788621485,0.09430710854601819,0.02089192114424468,0.4581675569411733,0.057599514845131435,84
149,Ab9207,SN89,E173N,0.742595545287144,2.53561310344579,0.09427806321580912,0.30530567828301297,1.639104324366467,0.19979187074941104,173
150,Ab9207,SN89,N142W,0.7362035814978032,1.1288935113926482,0.09346655556534023,0.13592673059491991,0.9325485464452257,0.11469664308013007,142
151,Ab9207,SN89,K219E,0.7353935181991301,0.954758677328594,0.09336371196579833,0.11495966998367056,0.845076097763862,0.10416169097473445,219
152,Ab9207,SN89,F75A,0.733878660631674,1.626735985540389,0.09317138945805643,0.19587047123942747,1.1803073230860315,0.14452093034874194,75
153,Ab9207,SN89,G263H,0.7300875606576286,1.2309420065428347,0.09269008093785477,0.14821408823132304,0.9805147836002317,0.1204520845845889,263
154,Ab9207,SN89,T93N,0.7281129448793134,1.577768314130906,0.09243938868369785,0.1899744186779009,1.1529406295051097,0.14120690368079938,93
155,Ab9207,SN89,N58E,0.7251351632899099,0.2608377339544247,0.09206133702056794,0.03140670048539299,0.49298644862216734,0.06173401875298047,58
156,Ab9207,SN89,S110D,0.7172955021195915,1.5033637958800483,0.09106603335076205,0.1810155905818366,1.1103296489998198,0.13604081196629933,110
157,Ab9207,SN89,G159E,0.7016771473089157,1.0873273000030546,0.08908316629545476,0.13092186595499938,0.8945022236559852,0.11000251612522707,159
158,Ab9207,SN89,R262G,0.693183307427081,0.8712657934703216,0.08800480974132956,0.10490653865085259,0.7822245504487013,0.09645567419609108,262
159,Ab9207,SN89,P87A,0.686154874913437,0.7351813138422664,0.08711249762198718,0.08852100873693426,0.7106680943778516,0.08781675317946072,87
160,Ab9207,SN89,Q108A,0.6805002764824545,0.9334207441523604,0.08639460402335263,0.11239043252679098,0.8069605103174075,0.09939251827507181,108
161,Ab9207,SN89,G240A,0.6666588654533095,3.087962090706493,0.08463733328252541,0.3718123870452434,1.8773104780799013,0.2282248601638844,240
162,Ab9207,SN89,G240M,0.6575633515595982,1.3252971126306266,0.0834825897087271,0.15957510763308086,0.9914302320951124,0.12152884867090398,240
163,Ab9207,SN89,R212S,0.652986441837602,1.1104177270001032,0.08290151675879907,0.13370211601231222,0.8817020844188526,0.10830181638555564,212
164,Ab9207,SN89,I244R,0.6365783438811492,0.0767216054095887,0.08081838589946772,0.009237821711326765,0.35664997464536896,0.04502810380539724,244
165,Ab9207,SN89,E238D,0.6365206563000941,0.3216802616694668,0.08081106202922907,0.03873256939151693,0.4791004589847805,0.059771815710373,238
166,Ab9207,SN89,P162Q,0.6345283745900117,0.6513298426552704,0.08055812695279493,0.07842470096388143,0.642929108622641,0.07949141395833818,162
167,Ab9207,SN89,T242S,0.584895381490038,0.4028538458122346,0.07425684694813268,0.048506440701651846,0.4938746136511363,0.061381643824892265,242
168,Ab9207,SN89,T93K,0.5792005935995178,0.5111502665338764,0.07353385099676932,0.06154609258667779,0.5451754300666971,0.06753997179172355,93
169,Ab9207,SN89,E107G,0.562068269487409,1.7096751335559992,0.07135877420574094,0.205856928876324,1.1358717015217041,0.13860785154103247,107
170,Ab9207,SN89,G240D,0.5595284118968495,1.5502932508331089,0.07103632027236954,0.18666622752499853,1.054910831364979,0.12885127389868403,240
171,Ab9207,SN89,S126G,0.5584773234575876,0.7886355216863282,0.07090287672702236,0.09495727188793883,0.6735564225719579,0.08293007430748059,126
172,Ab9207,SN89,E173W,0.5539720879594977,0.280340836419046,0.07033090335634076,0.03375501140021376,0.4171564621892718,0.05204295737827726,173
173,Ab9207,SN89,E238A,0.5350053933319786,0.4320689306527207,0.0679229394970952,0.05202414270484749,0.48353716199234964,0.05997354110097135,238
174,Ab9207,SN89,I230L,0.5268227033759826,0.7551726285253967,0.06688408575518585,0.090928103841786,0.6409976659506896,0.07890609479848593,230
175,Ab9207,SN89,T93-,0.5166227638792896,0.3354418521908555,0.06558912708384773,0.040389561825684435,0.4260323080350725,0.05298934445476608,93
176,Ab9207,SN89,V223W,0.5163975100081698,1.2365366895149668,0.06556052941875828,0.14888772746960588,0.8764670997615682,0.10722412844418208,223
177,Ab9207,SN89,Q55A,0.5042878675679393,0.1899812072114901,0.064023119663547,0.0228750755586122,0.34713453738971467,0.043449097611079596,55
178,Ab9207,SN89,S165V,0.5000768477977566,0.8992299149521236,0.06348849918189195,0.1082736158539905,0.6996533813749402,0.08588105751794123,165
179,Ab9207,SN89,K219N,0.4989443762913957,2.0021142579839544,0.06334472344697893,0.24106865937205108,1.250529317137675,0.152206691409515,219
180,Ab9207,SN89,H130L,0.4895805040420909,2.5202430729579213,0.06215590977112614,0.3034550183471764,1.504911788500006,0.18280546405915127,130
181,Ab9207,SN89,S126Y,0.486412507383259,2.4905819657394823,0.061753708881066474,0.2998836121079342,1.4884972365613707,0.18081866049450032,126
182,Ab9207,SN89,H208N,0.4785398940514848,0.6322432041938488,0.06075422168769847,0.07612653524858048,0.5553915491226669,0.06844037846813948,208
183,Ab9207,SN89,A100M,0.4732452089894665,2.9427250971471954,0.060082021785406114,0.3543248299845275,1.707985153068331,0.20720342588496682,100
184,Ab9207,SN89,S186K,0.4703825532240633,2.930782853411644,0.05971858620741403,0.35288689971868814,1.7005827033178536,0.2063027429630511,186
185,Ab9207,SN89,E107A,0.4470479648482172,2.723831748280862,0.056756085540698824,0.32796852891617534,1.5854398565645396,0.19236230722843708,107
186,Ab9207,SN89,G92A,0.4351535515582878,0.0349781791203298,0.05524600073722843,0.0042116191492009005,0.2350658653393088,0.029728809943214664,92
187,Ab9207,SN89,K123E,0.4295189624446325,0.034799519140859,0.054530647471209455,0.004190107229207966,0.23215924079274575,0.02936037735020871,123
188,Ab9207,SN89,P87Q,0.4289817664098239,0.3980603557979826,0.054462446413378725,0.04792927073902811,0.41352106110390324,0.051195858576203415,87
189,Ab9207,SN89,E246T,0.421247635160592,0.7943322651485422,0.05348054055700505,0.09564319992813233,0.607789950154567,0.07456187024256869,246
190,Ab9207,SN89,K172A,0.4199263301026243,0.0874697505880098,0.05331279098919115,0.010531974099765985,0.25369804034531707,0.031922382544478566,172
191,Ab9207,SN89,S76R,0.4185624882701734,0.0453900144711409,0.05313964105944514,0.00546527746546003,0.23197625137065714,0.029302459262452583,76
192,Ab9207,SN89,H208W,0.4135804077085604,0.1745370980508131,0.05250712863849817,0.02101549602876608,0.29405875287968675,0.036761312333632126,208
193,Ab9207,SN89,D190S,0.4129115043389942,1.036192671207357,0.05242220634861715,0.1247648964603218,0.7245520877731756,0.08859355140446948,190
194,Ab9207,SN89,R212H,0.4115992178307156,0.6029595756043359,0.05225560175319516,0.07260058009518608,0.5072793967175258,0.06242809092419062,212
195,Ab9207,SN89,Y168H,0.4012058067083406,0.7349682437473659,0.05093608041073373,0.08849535359666187,0.5680870252278533,0.0697157170036978,168
196,Ab9207,SN89,N158Y,0.3932742494044735,1.6633822752873912,0.04992910983888004,0.20028294265809932,1.0283282623459324,0.12510602624848968,158
197,Ab9207,SN89,V223A,0.3783830547685966,0.0780368926570417,0.048038561210962734,0.00939619156068388,0.22820997371281915,0.028717376385823307,223
198,Ab9207,SN89,R262L,0.3629619719228959,0.1161543864309268,0.04608073930829966,0.013985806307219803,0.23955817917691136,0.03003327280775973,262
199,Ab9207,SN89,Q55K,0.3476955955005962,2.1942715635859837,0.04414255854415115,0.2642057525051234,1.27098357954329,0.15417415552463729,55
200,Ab9207,SN89,G263T,0.3441891827152427,0.4386371371734933,0.04369739319359622,0.052815001035798004,0.391413159944368,0.048256197114697114,263
201,Ab9207,SN89,N187A,0.3440051510107754,0.9709276745044888,0.043674028991134206,0.11690653113659417,0.6574664127576321,0.08029028006386418,187
202,Ab9207,SN89,V182I,0.3030482398803227,2.0659060291724742,0.03847424253781256,0.24874963796658459,1.1844771345263985,0.14361194025219856,182
203,Ab9207,SN89,K123T,0.3013597730480734,0.976294504989116,0.03825987903434305,0.1175527353304092,0.6388271390185947,0.07790630718237612,123
204,Ab9207,SN89,A84K,0.2877587920340912,1.2382504890675097,0.03653313268369345,0.14909408100758026,0.7630046405508004,0.09281360684563686,84
205,Ab9207,SN89,N58P,0.2610396139896215,2.0992261445045144,0.033140933023006115,0.2527616145564249,1.180132879247068,0.1429512737897155,58
206,Ab9207,SN89,P122Q,0.2607658937333331,0.9270543246842422,0.0331061821875216,0.1116238707783497,0.5939101092087876,0.07236502648293565,122
207,Ab9207,SN89,N91K,0.240570827626654,0.0687593661511709,0.03054226737395142,0.008279112019323924,0.15466509688891245,0.019410689696637673,91
208,Ab9207,SN89,S210V,0.2226452117037105,0.9960155445380194,0.02826647624930617,0.11992728740530656,0.609330378120865,0.07409688182730637,210
209,Ab9207,SN89,I244D,0.2197532979620525,0.1779824988475305,0.027899326152216276,0.02143034655378078,0.19886789840479152,0.02466483635299853,244
210,Ab9207,SN89,H196Y,0.2123552104516556,0.9692086340265,0.02696008356396241,0.1166995465542795,0.5907819222390778,0.07182981505912095,196
211,Ab9207,SN89,S73Q,0.2050500984908739,2.28961858372314,0.026032644917706016,0.275686205345377,1.247334341107007,0.15085942513154152,73
212,Ab9207,SN89,L251Y,0.1980218081021074,2.239903279261972,0.025140350842180723,0.2697001324981684,1.2189625436820397,0.14742024167017456,251
213,Ab9207,SN89,Y233F,0.1961921827954472,0.3284337687676505,0.02490806621373489,0.03954573921722816,0.2623129757815489,0.03222690271548152,233
214,Ab9207,SN89,G263V,0.1923098351950212,0.4773053628348608,0.024415173124324858,0.05747092778089215,0.334807599014941,0.0409430504526085,263
215,Ab9207,SN89,K219H,0.1914244934408342,1.3958471181841423,0.024302772361354266,0.16806982524954822,0.7936358058124883,0.09618629880545124,219
216,Ab9207,SN89,E198Q,0.1844921306909527,0.6044264182575757,0.023422657017657274,0.07277719828294242,0.3944592744742642,0.04809992765029985,198
217,Ab9207,SN89,W180F,0.1750346242618157,0.8403069016686417,0.022221955781770757,0.10117887000631154,0.5076707629652287,0.06170041289404115,180
218,Ab9207,SN89,V205Y,0.1647756442870712,0.0177100098113788,0.0209195014797931,0.0021324099289887653,0.091242827049225,0.011525955704390934,205
219,Ab9207,SN89,P128C,0.1640040993353953,1.0274284456575702,0.020821548072733797,0.12370962196971962,0.5957162724964827,0.07226558502122671,128
220,Ab9207,SN89,A200G,0.1319017709578021,0.6701725603388838,0.016745917181375428,0.08069349689937852,0.40103716564834296,0.048719707040376974,200
221,Ab9207,SN89,E116A,0.13123755680811,2.169927216901836,0.01666159022305885,0.26127452168498755,1.150582386854973,0.1389680559540232,116
222,Ab9207,SN89,Q55S,0.1272622807041585,1.1923367884375344,0.016156899164504603,0.1435657480397989,0.6597995345708465,0.07986132360215176,55
223,Ab9207,SN89,S76G,0.1216224777265342,0.7852667936314326,0.015440883959426083,0.09455165330111528,0.4534446356789834,0.054996268630270684,76
224,Ab9207,SN89,E85V,0.114717951854041,0.0076187445587175,0.014564302715688083,0.0009173505106134937,0.06116834820637925,0.007740826613150788,85
225,Ab9207,SN89,E175L,0.1080147110587287,0.9307524330094962,0.013713276119229203,0.11206914906984906,0.5193835720341125,0.06289121259453913,175
226,Ab9207,SN89,E78K,0.1050761356758544,1.0973405864872705,0.013340201977498502,0.13212753618037848,0.6012083610815625,0.07273386907893849,78
227,Ab9207,SN89,K123V,0.0971044394528293,0.3869612461530775,0.012328135469395523,0.04659285975666243,0.2420328428029534,0.029460497613028977,123
228,Ab9207,SN89,S145L,0.0968023585720923,1.5818592918670522,0.012289784040342177,0.1904670012138081,0.8393308252195723,0.10137839262707514,145
229,Ab9207,SN89,S203A,0.0927341823834204,0.2921896306760175,0.011773298620623759,0.035181689690582475,0.19246190652971895,0.023477494155603115,203
230,Ab9207,SN89,R192T,0.0886725953808537,0.5201236739267912,0.011257649747405127,0.06262655404465046,0.3043981346538224,0.0369421018960278,192
231,Ab9207,SN89,I244G,0.082202785557659,0.6852763797268207,0.010436258960217526,0.0825121031436165,0.38373958264223984,0.04647418105191701,244
232,Ab9207,SN89,D241E,0.0507564087618727,1.3706615898125831,0.006443906032332787,0.16503731022904075,0.7107089992872279,0.08574060813068676,241
233,Ab9207,SN89,V205L,0.0456940206553744,0.0349408755103562,0.0058011979674158914,0.0042071275317968415,0.040317448082865304,0.005004162749606366,205
234,Ab9207,SN89,E70N,0.0432149443850347,0.306026062680953,0.005486460677628455,0.03684769356654562,0.17462050353299385,0.021167077122087034,70
235,Ab9207,SN89,A100C,0.029419809573734,1.9360036661787188,0.0037350650490598604,0.2331084784417034,0.9827117378762263,0.11842177174538163,100
236,Ab9207,SN89,S79M,0.0248767624260853,0.8739002704402141,0.0031582912064254984,0.10522374823504388,0.4493885164331497,0.05419101972073469,79
237,Ab9207,SN89,S73F,0.0177286581200285,1.350715902352444,0.002250785857226244,0.16263570896323115,0.6842222802362362,0.0824432474102287,73
238,Ab9207,SN89,V223Y,0.0095048143798681,0.5071848037776414,0.0012067073343582173,0.06106862293846802,0.25834480907875473,0.03113766513641312,223
