position,A,C,D,E,F,G,H,I,K,L,M,N,P,Q,R,S,T,V,W,Y,-
52.0,0.0,0.0,0.0,0.0,0.0,0.0,0.0,0.0,0.0,0.0,0.0,0.0,0.0,0.0,0.0,0.0,0.0,0.0,0.0,0.0,0.0
53.0,0.18458664128844202,0.3037276503752896,0.0,0.0,0.0,0.0,0.0,0.0,0.0,0.0,0.0,0.0,0.0,0.0,0.0,0.0,0.0,0.0,0.0,0.2417633085628329,0.0
54.0,0.0,0.0,0.0,0.0,0.0,0.0,0.0,0.0,0.0,0.0,0.0,0.0,0.0,0.0,0.0,0.0,0.0,0.0,0.0,0.0,0.0
55.0,0.0,0.01042692598789231,0.1726988238274043,0.0,0.0,0.0,0.0,0.0,0.0,0.0,0.0,0.0,0.0,0.0,0.0,0.0,0.0,0.0,0.03463079735039409,0.0,0.0
56.0,0.0,0.0,0.0,0.0,0.0,0.0,0.0,0.0,0.0,0.0,0.0,0.0,0.0,0.0,0.0,0.0,0.0,0.0,0.0,0.0,0.0
57.0,0.0,0.0,0.0,0.0,0.0,0.0,0.0,0.0,0.0,0.0,0.0,0.0,0.0,0.0,0.0,0.0,0.0,0.0,0.0,0.0,0.0
58.0,0.0,0.0,0.0429276299559181,0.0,0.0,0.0,0.0,0.0,0.05293944281395546,0.0,0.0,0.0,0.10400952550472267,0.0,0.0,0.0,0.08395839011044613,0.023776849549416276,0.052003678329207666,0.0,0.0
59.0,0.0,0.0,0.0,0.0,0.0,0.0,0.0,0.0,0.0,0.0,0.0,0.0,0.0,0.0,0.0,0.0,0.0,0.0,0.0,0.0,0.0
60.0,0.0,0.0,0.20373629185179337,0.0,0.0,0.0,0.0,0.0,0.0,0.0,0.0,0.0,0.0,0.0,0.0,0.0,0.0,0.0,0.0,0.0,0.0
61.0,0.0,0.0,0.0,0.0,0.0,0.0,0.0,0.0,0.0,0.0,0.0,0.0,0.0,0.0,0.0,0.0,0.0,0.0,0.0,0.0,0.0
62.0,0.0,0.0,0.0,0.0,0.0,0.0,0.0,0.0,0.0,0.0,0.0,0.0,0.017419772921975014,0.0,0.0,0.0,0.0,0.0,0.0,0.0,0.0
63.0,0.0,0.0,0.0,0.0,0.0,0.0,0.0,0.0,0.0,0.0,0.0,0.0,0.0,0.0,0.0,0.0,0.0,0.0,0.0,0.0,0.0
64.0,0.0,0.0,0.0,0.0,0.0,0.0,0.0,0.0,0.0,0.0,0.0,0.0,0.0,0.0,0.0,0.0,0.0,0.0,0.0,0.0,0.0
65.0,0.0,0.0,0.0,0.0,0.0,0.0,0.0,0.0,0.0,0.0,0.0,0.0,0.0,0.0,0.0,0.0,0.0,0.027486081883821456,0.0,0.0,0.0
66.0,0.0,0.0,0.0,0.0,0.0,0.0,0.0,0.0,0.0,0.0,0.0,0.0,0.0,0.0,0.0,0.0,0.0,0.0,0.0,0.0,0.0
67.0,0.0,0.0,0.0,0.0,0.0,0.0,0.0,0.0,0.0,0.0,0.0,0.0,0.0,0.0,0.0,0.0,0.0,0.0,0.0,0.0,0.0
68.0,0.0,0.0,0.0,0.06396784800703306,0.0,0.0,0.0,0.0,0.0,0.0,0.0,0.0,0.0,0.0,0.0,0.0,0.0,0.0,0.0,0.0,0.0
69.0,0.0,0.0,0.0,0.0,0.0,0.0,0.0,0.0,0.0,0.0,0.0,0.0,0.0,0.0,0.0,0.0,0.0,0.0,0.0,0.0,0.0
70.0,0.01382235558492921,0.0,0.0,0.0,0.0,0.0,0.0,0.0,0.0,0.0,0.0,0.0,0.0,0.0,0.0,0.08462356043322121,0.0,0.0,0.0,0.0,0.0
71.0,0.0,0.0,0.0,0.0,0.0,0.0,0.0,0.0,0.0,0.0,0.0,0.0,0.0,0.0,0.0,0.0,0.0,0.0,0.0,0.0,0.0
72.0,0.047134369177334906,0.0,0.0,0.0,0.0,0.0,0.0,0.012471081570995768,0.0,0.0,0.0,0.0,0.0,0.0,0.0,0.0,0.03759055337572004,0.0,0.0,0.0,0.0
73.0,0.0,0.0,0.0,0.0,0.0552126707200376,0.0,0.0,0.028817800192090518,0.0,0.0,0.10531017400101553,0.0,0.0,0.11513619540221338,0.0,0.0,0.0,0.01845702692111499,0.0,0.0,0.0
74.0,0.0,0.0,0.14544485408034005,0.07011843962017987,0.048526923088812624,0.0,0.0,0.0,0.0,0.0,0.0,0.0,0.0,0.0,0.0,0.0,0.0,0.0,0.0,0.0,0.0
75.0,0.0,0.0,0.0,0.19483010485834157,0.0,0.06110808137532936,0.0,0.0,0.0,0.09414020815698788,0.04280033786006893,0.0,0.0,0.0,0.0,0.0,0.0,0.16922762341327025,0.0,0.0,0.0
76.0,0.0,0.0,0.038718218756461496,0.08399272508081351,0.0,0.0,0.0,0.0,0.0,0.0,0.0,0.0,0.10255650659952972,0.041585698260721886,0.0,0.0,0.0,0.0,0.0,0.0,0.0
77.0,0.0,0.106847445777394,0.0,0.0,0.0,0.0,0.0,0.0,0.0,0.0,0.0,0.04249733545570365,0.0,0.0,0.1672515456682006,0.04217763736349986,0.08381139139688866,0.14117411449966066,0.0,0.0,0.0
78.0,0.0,0.04700169830361259,0.0,0.0,0.0,0.0,0.0,0.10649073799717731,0.0,0.0,0.0,0.0,0.0,0.0,0.0,0.0,0.0,0.0,0.0,0.0,0.05477253370058616
79.0,0.0,0.0,0.0,0.0,0.048415554922920594,0.0,0.0,0.0,0.0,0.0,0.0,0.0,0.0,0.0,0.0,0.0,0.0,0.0,0.0,0.051422458985369186,0.0
80.0,0.0,0.0,0.0,0.0,0.0,0.0,0.0,0.0,0.0,0.0,0.0,0.0,0.0,0.0,0.0,0.0,0.0,0.0,0.0,0.0,0.0
81.0,0.14984680829312227,0.0,0.0,0.0,0.0,0.0,0.0,0.0,0.0,0.0,0.0,0.0,0.0,0.0,0.0,0.0,0.0,0.0,0.0,0.0,0.0
82.0,0.0,0.0,0.0,0.0,0.0,0.0,0.0,0.0,0.0,0.0,0.0,0.0,0.0,0.0,0.0,0.0,0.0,0.0,0.0,0.0,0.0
83.0,0.0,0.0,0.0,0.0,0.0,0.0,0.0,0.0,0.0,0.0,0.0,0.0,0.0,0.0,0.0,0.0,0.0,0.0,0.0,0.0,0.0
84.0,0.0,0.058151635691905346,0.0,0.0,0.0,0.0,0.0,0.0,0.0,0.0,0.0,0.0,0.0,0.0,0.0,0.0,0.0,0.0,0.0,0.0,0.0
85.0,0.0,0.0,0.0,0.0,0.0,0.0,0.0,0.0,0.0,0.0,0.0,0.0,0.0,0.0,0.0,0.04301358003912948,0.0,0.0,0.0,0.0,0.0
86.0,0.0,0.0,0.0,0.12628668885721206,0.0,0.0,0.0,0.0,0.0,0.0,0.0,0.0,0.09262453744927206,0.0,0.030550660038179234,0.0,0.0,0.07261162062986598,0.0,0.0,0.08014499809753856
87.0,0.0,0.0,0.0,0.0,0.0,0.0,0.0,0.10121987410781434,0.0,0.0,0.01525497258532499,0.0,0.0,0.10773935579737559,0.0,0.0,0.0,0.0,0.0,0.0,0.04004750293628766
88.0,0.0,0.0,0.0,0.0940965270483739,0.0,0.0,0.0,0.0,0.0,0.0,0.0,0.0,0.0,0.0,0.0,0.02471009130180901,0.0,0.0,0.0,0.0,0.0
89.0,0.0,0.0,0.0,0.0,0.0,0.0,0.0,0.0,0.0,0.0,0.0,0.0,0.1497610238550463,0.0,0.0,0.0,0.0841557612824386,0.0,0.0,0.0,0.1859941619358511
90.0,0.0,0.0,0.0,0.0,0.0,0.0,0.0,0.0,0.0,0.0,0.13930174768330236,0.0,0.0,0.0,0.0,0.0,0.0,0.0,0.0,0.0,0.05018253289239416
91.0,0.0,0.06610630302925767,0.06288226031836786,0.05368046809912608,0.08134933049949297,0.06507331064235075,0.11576494720465386,0.0,0.0,0.0784071716120713,0.032977195059443416,0.0,0.06180685627802802,0.0,0.0,0.0,0.0,0.0,0.0,0.011524170414724661,0.0884962344892018
92.0,0.0,0.0,0.0,0.0,0.0,0.0,0.0,0.0,0.0,0.0,0.0,0.0,0.0,0.0,0.0,0.0,0.0,0.0,0.0,0.0,0.0
93.0,0.0,0.0,0.0,0.0,0.07912495769857023,0.0,0.0,0.0,0.0,0.0,0.042778011217442645,0.0,0.04142999734272222,0.0,0.0,0.0,0.0,0.0,0.0,0.0,0.0
94.0,0.0,0.0,0.0,0.0,0.0,0.0,0.0,0.0,0.0,0.0,0.0,0.0,0.0,0.0,0.0,0.0,0.0,0.0,0.0,0.0,0.0
95.0,0.0,0.0,0.0,0.0,0.0,0.0,0.0,0.0,0.0,0.0,0.0,0.0,0.0,0.0,0.0,0.0,0.0,0.0,0.0,0.0,0.0
96.0,0.0,0.0,0.0,0.0,0.0,0.0,0.0,0.0,0.0,0.0,0.0,0.0,0.0,0.0,0.0,0.0,0.0,0.0,0.0,0.0,0.0
97.0,0.0,0.0,0.0,0.0,0.0,0.0,0.0,0.0,0.0,0.0,0.0,0.0,0.0,0.0,0.0,0.0,0.0,0.0,0.0,0.0,0.0
98.0,0.0,0.0,0.0,0.0,0.0,0.0,0.0,0.0,0.10224788841199842,0.0,0.03456026672499675,0.0,0.0,0.0,0.0,0.0,0.021514934501209802,0.0,0.0,0.0,0.0
99.0,0.0,0.0,0.0,0.0,0.0,0.0,0.0,0.08199288874211955,0.0,0.0,0.0,0.0,0.0,0.0,0.0,0.0,0.0,0.0,0.0,0.0,0.0
100.0,0.0,0.0,0.0,0.0,0.0,0.0,0.0,0.0,0.0,0.0,0.0,0.0,0.0,0.0,0.0,0.0,0.0,0.0,0.0,0.015736978791209028,0.0
101.0,0.0,0.0,0.0,0.0,0.0,0.0,0.0,0.0,0.0,0.0,0.040297137894540716,0.0,0.0,0.0,0.041471240908540714,0.0,0.0,0.0,0.0,0.0,0.0
102.0,0.0,0.0,0.0,0.0,0.0,0.0,0.0,0.0,0.0,0.0,0.0,0.0,0.0,0.0,0.0,0.0,0.0,0.0,0.0,0.0,0.0
103.0,0.0873477335907665,0.0,0.0,0.0,0.0,0.0,0.0,0.0,0.0,0.0,0.0,0.0,0.0,0.0,0.0,0.0,0.0,0.0,0.0,0.0,0.0
104.0,0.0,0.0,0.0,0.0,0.0,0.0,0.0,0.0,0.0,0.0,0.0,0.0,0.0,0.0,0.0,0.0,0.0,0.0,0.0,0.0,0.0
105.0,0.0,0.0,0.0,0.0,0.0,0.0,0.0,0.0,0.0,0.0,0.0,0.0,0.0,0.0,0.0,0.0,0.0,0.0,0.0,0.0,0.0
106.0,0.0,0.0,0.0,0.0,0.0,0.0,0.0,0.11159021795107435,0.0,0.1763390286392831,0.0,0.0,0.0,0.1475242447455864,0.0,0.0,0.0,0.0,0.0,0.0,0.0
107.0,0.04364936751064395,0.0,0.0,0.0,0.0,0.0,0.0,0.0,0.0,0.0,0.0,0.0,0.0,0.0,0.040287256177711124,0.0,0.24458034111023522,0.0,0.0,0.0,0.0
108.0,0.0,0.0,0.0,0.0,0.0,0.0,0.0,0.0,0.0,0.0,0.01682121357941438,0.0,0.0,0.0,0.0,0.0,0.0,0.0,0.0,0.0,0.0
109.0,0.0,0.0,0.0,0.0,0.0,0.0,0.0,0.0,0.0,0.0,0.0,0.0,0.0,0.0,0.0,0.0,0.0,0.0,0.0,0.0,0.0
110.0,0.0,0.0,0.0,0.0,0.0,0.14683265222790604,0.0,0.28537345885864646,0.0,0.0,0.0,0.0,0.0,0.0,0.0,0.0,0.0,0.0,0.18852019318245822,0.0,0.0
111.0,0.07357142220186612,0.0,0.0,0.08198306706533431,0.09632685394408222,0.05505900045097394,0.14354437703714412,0.0,0.0,0.07076272194161921,0.0,0.0,0.0,0.05992497021606208,0.15513380025562853,0.0,0.0,0.0,0.0,0.09154264604247427,0.0
112.0,0.0,0.0,0.0,0.0,0.0,0.0,0.0,0.09572653211195263,0.0,0.0,0.0,0.0,0.0,0.0,0.0,0.03631328604179612,0.0,0.0,0.0,0.0,0.0
113.0,0.0,0.0,0.0,0.0,0.0,0.0,0.05940936145261845,0.0,0.0,0.0,0.0,0.0,0.0,0.0,0.0,0.0,0.0,0.0,0.0,0.0,0.0
114.0,0.0,0.0,0.06420911423936473,0.0,0.0,0.0,0.0,0.19784287767145314,0.0,0.0,0.0,0.0,0.0,0.16187227620935812,0.15761464500133776,0.0,0.0,0.0,0.0,0.0,0.0
115.0,0.0,0.0,0.0,0.0,0.0,0.0,0.0,0.0,0.0,0.0,0.0,0.0,0.0,0.0,0.0,0.0,0.0,0.0,0.0,0.0,0.0
116.0,0.15468161310794626,0.0,0.0,0.0,0.0,0.0,0.0,0.0,0.5671452705300012,0.0,0.0,0.0,0.0,0.0,0.0,0.0,0.0,0.0,0.0,0.0,0.0
117.0,0.0,0.0,0.0,0.7226538834256664,0.0,0.0,0.0,0.0,0.0,0.0,0.01728967319623912,0.0,0.0,0.0,0.0,0.0,0.3258460199565979,0.0,0.0,0.0,0.0
118.0,0.0,0.0,0.0,0.0,0.0,0.0,0.0,0.0,0.0,0.0,0.0,0.0,0.0,0.0,0.0,0.0,0.0,0.4005658907473147,0.0,0.0,0.0
119.0,0.20288413879743972,0.0,0.0,0.0,0.0,0.0,0.0,0.0,0.0,0.0,0.0,0.0,0.4885006670508261,0.5299120536646071,0.0,0.0,0.30763800744874337,0.0,0.0,0.0,0.0
120.0,0.0,0.0,0.0,0.0,0.0,0.0,0.0,0.0,0.0,0.0,0.0,0.0,0.0,0.0,0.0,0.0,0.0,0.0,0.0,0.0,0.0
121.0,0.0,0.0,0.0,0.0,0.0,0.0,0.0,0.0,0.0,0.0,0.0,0.0,0.0,0.0,0.0,0.0,0.0,0.0,0.0,0.0,0.0
122.0,0.17935478914440406,0.0,0.9833809851630007,0.9137797577843833,0.0,0.46678328822350884,0.6769227310653263,0.0,0.778386977967362,0.0,0.0,0.9085375527489826,0.0,0.5954593049926031,0.616859050848485,0.25730163795372574,0.26743028552389975,0.0,0.0,0.0,0.9112581241341673
123.0,0.0,0.0,0.15583395793854563,0.0,0.0,0.0,0.0,0.0,0.0,0.05485781820719532,0.0,0.7730182832373275,0.07941560886440757,0.0,0.0,0.0,0.0,0.0,0.06190218962555476,0.0,0.64930017674737
124.0,0.40284208431831603,0.0,0.6293314263540677,0.11316558121711918,0.0,0.7117109680857364,0.07393766276479269,0.0,0.6984787125511461,0.0,0.0,0.8722721657039727,0.36354731566372644,0.1518978654947825,0.0,0.0,0.0,0.2918174325282627,0.2370680367135944,0.0,0.7097123549607698
125.0,0.39562859350251217,0.0,0.9103593602590336,0.9929420773636051,0.6762932398602988,0.643693599251276,0.73809365845928,0.6255193496669129,0.7117735666690008,0.7149430477915111,0.0,0.7297587429293542,0.6610468755069421,0.8677813247223484,0.5881881065586372,0.0,0.32972134151047555,0.3224297950920999,0.0,0.7645085967077951,0.7785525632827777
126.0,0.0,0.0,0.20339017021025876,0.0,0.0,0.0,0.0,0.0,0.0,0.0,0.0,0.0,0.4739159840571153,0.0,0.1922539950379281,0.0,0.0,0.0,0.4043843425620553,0.0,0.7861933225025584
127.0,0.0,0.0,0.0,0.0,0.0,0.36681894872485,0.0,0.0,0.0,0.0,0.0,0.0,0.0,0.38338313958235215,0.0,0.0,0.0,0.0,0.0,0.0,0.0
128.0,0.0,0.0,0.08674364902235109,0.19489819074900067,0.0,0.0,0.0,0.0,0.0,0.16054640896037195,0.22535419761760542,0.047619207576061126,0.0,0.0,0.0,0.0,0.0,0.0,0.0,0.0,0.0
129.0,0.0,0.0,0.0,0.0,0.0,0.17778296599560567,0.0,0.0,0.0,0.08082132034685066,0.0,0.0,0.9605565441561886,0.0,0.0,0.0,0.0,0.0,0.0,0.0,0.0
130.0,0.0,0.0,0.0,0.0,0.0,0.39002591695083705,0.0,0.0,0.0,0.0,0.0,0.0,0.0,0.0,0.0,0.0,0.0,0.0,0.0,0.0,0.0
131.0,0.0,0.0,0.0,0.0,0.0,0.0,0.0,0.0,0.0,0.0,0.0,0.0,0.0,0.0,0.0,0.0,0.0,0.0,0.0,0.0,0.0
132.0,0.0,0.0,0.0,0.0,0.0,0.0,0.0,0.0,0.0,0.0,0.0,0.0,0.0,0.0,0.0,0.0,0.0,0.0,0.0,0.0,0.0
133.0,0.0,0.0,0.0,0.0,0.0,0.0,0.0,0.0,0.0,0.0,0.0,0.0,0.0,0.0,0.0,0.0,0.0,0.0,0.0,0.0,0.0
133.5,0.0,0.0,0.0,0.041024328566456755,0.0,0.0,0.0,0.0,0.0,0.0,0.0,0.0,0.0,0.0,0.0,0.10028682940546985,0.0,0.0,0.0,0.0,0.0
134.0,0.0,0.0,0.0,0.0,0.0,0.0,0.0,0.0,0.0,0.0,0.0,0.0,0.0,0.0,0.0,0.0,0.0,0.0,0.0,0.0,0.0
135.0,0.0,0.0,0.0,0.0,0.0,0.0,0.0,0.0,0.0,0.0,0.0,0.0,0.0,0.0,0.0,0.0,0.13601907276410416,0.0,0.0,0.0,0.0
136.0,0.0,0.0,0.0,0.0,0.0,0.0,0.0,0.0,0.0,0.0,0.0,0.0,0.0,0.0,0.0,0.0,0.0,0.0,0.0,0.0,0.0
137.0,0.0,0.0,0.0,0.059414582370927435,0.0,0.0,0.0,0.0,0.0,0.0,0.0,0.015481622009272842,0.0,0.0,0.0,0.0,0.0,0.0,0.0,0.0,0.0
138.0,0.0,0.0,0.0,0.0,0.0,0.0,0.0,0.0,0.0,0.0,0.0,0.0,0.0,0.0,0.0,0.0,0.0,0.0,0.0,0.0,0.0
139.0,0.0,0.0,0.0,0.0,0.0,0.0,0.0,0.0,0.0,0.0,0.0,0.0,0.0,0.0,0.0,0.0,0.0,0.0,0.0,0.0,0.0
140.0,0.0,0.0,0.0,0.005996620271418865,0.0,0.0,0.0,0.0,0.0,0.0,0.0,0.0,0.0,0.029477224929930945,0.0,0.0,0.0,0.0,0.0,0.0,0.0
141.0,0.0,0.0,0.03769123159398835,0.0,0.0,0.0,0.0,0.0,0.0,0.0,0.0,0.0,0.0,0.0,0.0,0.0,0.0,0.0,0.0,0.0,0.0
142.0,0.0,0.0,0.0,0.0,0.0,0.0,0.0,0.0,0.0,0.0,0.0,0.0,0.0,0.0,0.0,0.1340639126877861,0.0,0.0,0.0,0.0,0.0
143.0,0.0,0.0,0.0,0.0,0.0,0.0,0.0,0.0,0.0,0.0,0.0,0.0,0.0,0.0,0.0,0.0,0.0,0.0,0.0,0.0,0.0
144.0,0.0,0.0,0.0,0.0,0.0,0.0,0.0,0.0,0.0,0.0,0.15060945429192701,0.0,0.0,0.0,0.0,0.0,0.0,0.052597739187275026,0.0,0.0,0.0
145.0,0.0,0.0,0.0,0.0,0.0,0.0,0.0,0.0,0.0,0.0,0.0,0.0391388286678106,0.0,0.0,0.0,0.0,0.0,0.0,0.0,0.0,0.0
146.0,0.0,0.0,0.0,0.0,0.0,0.0,0.0,0.0,0.0,0.0,0.0,0.0,0.0,0.0,0.0,0.0,0.0,0.0,0.0,0.0,0.0
147.0,0.0,0.0,0.0,0.0,0.0,0.0,0.0,0.0,0.0,0.0,0.0,0.0,0.0,0.0,0.0,0.0,0.0,0.0,0.0,0.0,0.0
148.0,0.0,0.0,0.0,0.0,0.0,0.0,0.0,0.0,0.0,0.0,0.0,0.0,0.0,0.0,0.0,0.0,0.0,0.0,0.0,0.0,0.0
149.0,0.0,0.0,0.0,0.0,0.0,0.16593218232911036,0.0,0.0,0.0,0.30171639906330194,0.0,0.0,0.0,0.0,0.0,0.0,0.0,0.0,0.0,0.15671467507253567,0.0
150.0,0.0,0.0,0.0,0.0,0.0,0.0,0.0,0.0,0.0,0.0,0.0,0.0,0.0,0.0,0.0,0.0,0.0,0.0,0.0,0.0,0.0
151.0,0.0,0.0,0.0,0.0,0.0,0.0,0.0,0.0,0.0,0.0,0.0,0.0,0.0,0.0,0.0,0.0,0.0,0.0,0.0,0.0,0.0
152.0,0.0,0.0,0.0,0.0,0.0,0.0,0.0,0.0,0.0,0.0,0.0,0.0,0.0,0.0,0.0,0.0,0.0,0.0,0.5982429788389081,0.4473871151611867,0.0
153.0,0.0,0.0,0.0,0.0,0.0,0.0,0.0,0.0,0.0,0.0,0.0,0.0,0.0,0.0,0.0,0.0,0.0,0.0,0.0,0.0,0.0
154.0,0.0,0.0,0.0,0.0,0.0,0.0,0.0,0.0,0.0,0.0,0.0,0.0,0.07583310241814288,0.0,0.0,0.0,0.0,0.0,0.0,0.36791010296871884,0.0
155.0,0.0,0.0,0.0,0.0,0.0,0.0,0.0,0.0,0.0,0.054252495232378614,0.0,0.0,0.0,0.0,0.0,0.0,0.011100909322170938,0.0,0.0,0.0,0.0
156.0,0.33553744745280084,0.0,0.0,0.0,0.0,0.0,0.0,0.0,0.0,0.0,0.0,0.0,0.0,0.0,0.0,0.0,0.0,0.0,0.0,0.0,0.0
157.0,0.0,0.0,0.0,0.0,0.0,0.0,0.0,0.0,0.0,0.0,0.0,0.0,0.0,0.0,0.0,0.0,0.0,0.0,0.0,0.0,0.0
158.0,0.0,0.0,0.0,0.07006781623574052,0.0,0.0,0.0,0.0,0.0,0.0,0.0,0.0,0.0,0.0,0.0,0.0,0.0,0.0,0.0,0.0,0.0
159.0,0.0,0.0,0.05696988143773663,0.034695786337002765,0.0,0.07093649686747514,0.0,0.07244814362414578,0.0,0.10733737682427832,0.0,0.0,0.0492335002452542,0.0,0.0,0.07363748818191787,0.0,0.0,0.0,0.0,0.0
160.0,0.0,0.0,0.0,0.1318639261540732,0.0,0.0,0.0,0.0,0.0,0.0,0.0,0.0,0.0,0.0,0.0,0.0,0.0,0.0,0.0,0.0,0.0
161.0,0.0,0.0,0.0,0.0,0.0,0.0,0.0,0.0,0.0,0.0,0.0,0.0,0.0,0.0,0.0,0.0,0.0,0.0,0.0,0.0,0.0
162.0,0.0,0.0,0.0,0.0,0.0,0.0,0.0,0.0,0.0,0.0,0.0,0.0,0.0,0.0,0.0,0.0,0.0,0.0,0.0,0.0,0.0
163.0,0.0,0.0,0.0,0.0,0.0,0.0,0.0,0.1423689572704513,0.0,0.0,0.10292275105934338,0.0,0.0,0.06061782217674098,0.0,0.022256306448245618,0.10974916319307793,0.0,0.0,0.04239947101350401,0.0
164.0,0.0,0.0,0.0,0.0,0.0,0.0,0.0,0.0,0.0,0.0,0.0,0.0,0.0,0.0,0.0,0.0,0.0,0.0,0.0,0.0,0.0
165.0,0.0,0.0,0.0,0.0,0.0,0.0,0.0,0.0,0.0,0.0,0.0,0.0,0.0,0.0,0.0,0.0,0.0,0.0,0.0,0.0,0.0
166.0,0.0,0.0,0.0,0.0,0.0,0.0,0.0,0.0,0.0,0.0,0.0,0.0,0.0,0.0,0.0,0.0,0.0,0.0,0.0,0.0,0.0
167.0,0.0,0.0,0.0,0.0,0.0,0.0,0.0,0.0,0.0,0.0,0.0,0.0,0.0,0.0,0.0,0.0,0.0,0.0,0.0,0.0,0.0
168.0,0.0,0.0,0.0,0.0,0.558761119598886,0.0,0.0,0.0,0.0,0.0,0.0,0.0,0.0,0.0,0.0,0.0,0.0,0.0,0.08992179089351196,0.0,0.0
169.0,0.0,0.0,0.0,0.3541459441470275,0.0,0.0,0.0,0.0,0.0,0.20526001580837275,0.0,0.0,0.0,0.0,0.0,0.0,0.1032312082721625,0.0,0.2523770435635104,0.1257711824506622,0.0
170.0,0.0,0.0,0.0,0.0,0.0,0.0,0.0,0.0,0.0,0.0,0.0,0.0,0.0,0.0,0.0,0.0,0.0,0.0,0.0,0.0,0.0
171.0,0.0,0.0,0.0,0.0,0.0,0.0,0.0,0.0,0.0,0.0,0.0,0.0,0.0,0.0,0.0,0.0,0.0,0.0,0.0,0.0,0.0
172.0,0.6464146462227862,0.5842731602348936,0.0,0.6674987528748004,0.524466986905321,0.6053254394901828,0.11428524015318656,0.0,0.0,0.8241162154386321,0.8526913712912099,0.701784088106034,0.0,0.9068827573104541,0.3574208598568699,0.8813033230530531,0.4440704521556112,0.6348888444399088,0.8124852352999259,0.6058287438653507,0.0
173.0,0.0,0.0,0.0,0.0,0.0,0.0,0.10677913696416955,0.0,0.0,0.0,0.0,0.0,0.0,0.0,0.0,0.0,0.07432186897684523,0.0,0.0,0.0,0.0
174.0,0.07446697380097073,0.0,0.0,0.0,0.0,0.0,0.0,0.043157122652382626,0.0,0.0,0.0,0.0,0.0,0.0,0.0,0.0,0.0,0.0,0.0,0.0,0.0
175.0,0.0,0.0,0.0,0.0,0.0,0.0,0.0,0.0,0.0,0.0,0.0,0.0,0.0,0.0,0.0,0.0,0.0,0.29668842339488233,0.0,0.0,0.0
176.0,0.0,0.0,0.0,0.0,0.0,0.0,0.0,0.0,0.0,0.0,0.15226769904720258,0.0,0.0,0.0,0.0,0.0,0.0,0.0,0.0,0.0,0.0
177.0,0.0,0.0,0.0,0.0,0.0,0.0,0.0,0.0,0.0,0.0,0.0,0.0,0.0,0.0,0.0,0.0,0.0,0.0,0.0,0.0,0.0
178.0,0.0,0.0,0.0,0.0,0.0,0.0,0.0,0.0,0.0,0.0,0.0,0.0,0.0,0.0,0.0,0.0,0.0,0.0,0.0,0.0,0.0
179.0,0.0,0.0,0.0,0.0,0.0,0.0,0.0,0.0,0.0,0.0,0.0,0.0,0.0,0.0,0.0,0.0,0.0,0.0,0.0,0.0,0.0
180.0,0.0,0.0,0.0,0.0,0.0,0.0,0.0,0.0,0.0,0.0,0.0,0.0,0.0,0.0,0.0,0.0,0.0,0.0,0.0,0.0,0.0
181.0,0.0,0.0,0.0,0.0,0.0,0.0,0.0,0.0,0.0,0.0,0.0,0.0,0.0,0.0,0.0,0.0,0.0,0.0,0.0,0.0,0.0
182.0,0.0,0.0,0.0,0.0,0.0,0.0,0.0,0.0,0.0,0.0,0.0,0.0,0.0,0.0,0.0,0.0,0.0,0.0,0.0,0.0,0.0
183.0,0.0,0.0,0.0,0.0,0.0,0.0,0.0,0.0,0.0,0.0,0.0,0.0,0.0,0.0,0.0,0.0,0.0,0.0,0.0,0.0,0.0
184.0,0.0,0.0,0.0,0.0,0.0,0.0,0.0,0.0,0.0,0.0,0.0,0.0,0.0,0.0,0.0,0.0,0.0,0.0,0.0,0.0,0.0
185.0,0.0,0.0,0.0,0.0,0.0,0.0,0.0,0.0,0.0,0.0,0.0,0.0,0.0,0.0,0.0,0.0,0.0,0.0,0.0,0.0,0.0
186.0,0.0,0.0,0.0,0.0,0.0,0.1239243019763657,0.0,0.0,0.0,0.0,0.0,0.0,0.0,0.05947061156738419,0.0,0.0,0.0,0.0,0.0,0.0,0.0
187.0,0.0,0.0,0.0,0.12667604411235506,0.0,0.0,0.0,0.0,0.0,0.0,0.0,0.0,0.0,0.0,0.0,0.0,0.0,0.0,0.0,0.0,0.0
188.0,0.0,0.0,0.08820699957529957,0.0,0.06353282211948334,0.0,0.0,0.0,0.0,0.0,0.0,0.027857778149380046,0.0,0.0,0.0,0.0,0.0,0.0,0.0,0.0,0.0
189.0,0.0,0.0,0.0,0.0,0.0,0.0,0.0,0.0,0.0,0.0,0.0,0.0,0.0,0.030220062551032163,0.0,0.0,0.0,0.0,0.0,0.0,0.0
190.0,0.0,0.0,0.0,0.0,0.0,0.0,0.0,0.0,0.0,0.0,0.0,0.0,0.0,0.0,0.0,0.0,0.0,0.0,0.0,0.0,0.0
191.0,0.0,0.0,0.0,0.0,0.0,0.0,0.0,0.0,0.0,0.0,0.0,0.0,0.0,0.0,0.0,0.0,0.0,0.0,0.0,0.0,0.0
192.0,0.0,0.0,0.0,0.0,0.0,0.0,0.0,0.0,0.0,0.0,0.0,0.0,0.0,0.0,0.0,0.0,0.0,0.0,0.0,0.0,0.0
193.0,0.036231296951119485,0.0,0.10073709612957353,0.07660797518314566,0.0,0.0,0.0,0.0,0.0,0.0,0.0,0.0,0.0,0.0,0.0,0.0,0.0,0.0,0.0,0.0,0.0
194.0,0.0,0.0,0.0,0.0,0.0,0.0,0.0,0.0,0.0,0.0,0.0,0.0,0.0,0.0,0.0,0.0,0.0,0.0,0.0,0.0,0.0
195.0,0.0,0.0,0.0,0.0,0.0,0.0,0.0,0.0,0.0,0.0,0.0,0.0,0.0,0.0,0.0,0.0,0.0,0.0,0.0,0.0,0.0
196.0,0.0,0.0,0.0,0.0,0.0,0.02445987381671598,0.0,0.0,0.0,0.0,0.0,0.11632568340875359,0.0,0.0,0.0,0.0,0.0,0.05618879911869111,0.0,0.0,0.0
197.0,0.0,0.0,0.0,0.0,0.0,0.0,0.0,0.0,0.0,0.0,0.0,0.0,0.0,0.0,0.0,0.0,0.0,0.0,0.0,0.0,0.0
198.0,0.0,0.0,0.0,0.10781714782885041,0.0,0.012251321305716985,0.0,0.0,0.0,0.0,0.0,0.0,0.0,0.0,0.0,0.0,0.0,0.030655658773487054,0.0,0.0,0.0
199.0,0.0,0.0,0.0,0.0,0.0,0.0,0.0,0.0,0.0,0.0,0.0,0.0,0.0,0.0,0.0,0.05228047418609918,0.0,0.0,0.0,0.0,0.0
200.0,0.0,0.0,0.0,0.0,0.0,0.0,0.0,0.0,0.0,0.0,0.0,0.0,0.0,0.0,0.0,0.0,0.0,0.0,0.0,0.0,0.0
201.0,0.0,0.0,0.0,0.0,0.0,0.0,0.0,0.0,0.0,0.0,0.0,0.0,0.0,0.0,0.0,0.0,0.0,0.0,0.021807327353189816,0.0,0.0
202.0,0.0,0.0,0.0,0.0,0.0,0.0,0.0,0.0,0.0,0.0,0.0,0.0,0.0,0.0,0.0,0.0,0.0,0.0,0.0,0.0,0.0
203.0,0.1352195450031007,0.0,0.0,0.0,0.0,0.0,0.0,0.0,0.0,0.16858447708636448,0.10896113125915471,0.0,0.0,0.04191066375630366,0.0,0.0,0.0,0.0,0.0,0.0,0.0
204.0,0.0,0.0,0.0,0.0,0.0,0.0,0.0,0.0,0.0,0.0,0.0,0.0,0.0,0.0,0.0,0.0,0.0,0.0,0.0,0.0,0.0
205.0,0.0,0.0,0.0,0.0,0.0,0.0,0.0,0.0,0.0,0.0,0.0,0.0,0.0,0.0,0.0,0.0,0.0,0.0,0.0,0.0,0.0
206.0,0.0,0.0,0.0,0.0,0.0,0.0,0.0,0.0,0.0,0.0,0.0,0.0,0.0,0.0,0.0,0.0,0.0,0.0,0.0,0.0,0.0
207.0,0.0,0.0,0.0,0.0,0.0,0.0,0.0,0.0,0.0,0.0,0.0,0.0,0.0,0.0,0.0,0.0,0.0,0.0,0.0,0.0,0.0
208.0,0.0,0.0,0.0,0.0,0.0,0.0,0.0,0.0,0.0,0.0,0.09152737909040415,0.0,0.0,0.0,0.0,0.0,0.0,0.0,0.0,0.0,0.0
209.0,0.0,0.0,0.0,0.0,0.057558643720727304,0.0,0.0,0.0,0.0,0.0,0.0,0.0,0.0,0.0,0.0,0.0,0.0,0.0,0.0,0.0,0.0
210.0,0.0,0.0,0.0,0.0,0.0,0.0,0.0,0.0,0.0,0.0,0.0,0.1111812478623932,0.0,0.16761577998962007,0.0,0.0,0.0,0.0,0.0,0.0,0.0
211.0,0.06043110149703798,0.0,0.0,0.0,0.0,0.0,0.0,0.07276880093687046,0.0,0.0,0.0,0.0,0.0,0.0,0.0,0.0,0.0,0.0,0.0,0.0,0.0
212.0,0.0,0.0,0.0,0.0,0.0,0.0,0.0,0.0,0.0,0.06757701377355935,0.008099325496964356,0.13728850708515072,0.0,0.06758797106254946,0.018956234102855535,0.0,0.03443569610903713,0.0,0.0,0.0,0.0
213.0,0.0,0.0,0.0,0.0,0.0,0.0,0.0,0.0,0.0,0.15330060911850119,0.0,0.0,0.0,0.0,0.0,0.0,0.0,0.0,0.05419117527112023,0.0,0.0
214.0,0.0,0.0,0.0,0.0,0.0,0.0,0.011249384091394643,0.03588503566513523,0.0,0.0,0.0,0.0,0.0,0.12104352043478318,0.0,0.0,0.006494408036641116,0.0,0.0,0.0,0.0
215.0,0.0,0.0,0.0,0.0,0.0,0.0,0.0,0.0,0.0,0.0,0.0,0.0,0.0,0.0,0.0,0.0,0.0,0.0,0.0,0.0,0.0
216.0,0.0,0.0,0.0,0.0,0.0,0.0,0.0,0.0,0.0,0.0,0.0,0.0,0.0,0.0,0.0,0.0,0.0,0.0,0.0,0.0,0.0
217.0,0.0,0.0,0.0,0.0,0.0,0.0,0.0,0.0,0.0,0.0,0.0,0.0,0.0,0.0,0.0,0.0,0.0,0.0,0.0,0.0,0.0
218.0,0.0,0.020595798756292756,0.0,0.0,0.0,0.0,0.0,0.0,0.0,0.0,0.18916476011844024,0.0,0.0,0.0,0.0,0.0,0.10621991502136882,0.17436349965984987,0.20917363184082305,0.0,0.0
219.0,0.0,0.0,0.17864342423398533,0.10785795792104698,0.0,0.0,0.0,0.0,0.0,0.0,0.0,0.0,0.04098365610617501,0.11987569744591532,0.0,0.0,0.0,0.0,0.0,0.0,0.0
220.0,0.0,0.0,0.0,0.0,0.2774971312574255,0.0,0.11219352013378497,0.0,0.0,0.050873423052055236,0.0,0.0,0.0,0.0,0.0,0.0,0.0,0.06983581889622384,0.15606077706943908,0.0,0.0
221.0,0.0,0.0,0.0,0.0,0.0,0.0,0.0,0.0,0.0,0.0,0.0,0.0,0.0,0.0,0.19829114816737087,0.0,0.0,0.0,0.0,0.0,0.0
222.0,0.0,0.0,0.0,0.0,0.0,0.0,0.0,0.0,0.0,0.0,0.0,0.0,0.0,0.0,0.0,0.0,0.0,0.0,0.0,0.0,0.0
223.0,0.0,0.0,0.0,0.0,0.0,0.0,0.0,0.0,0.0,0.0,0.0,0.0,0.0,0.0,0.0,0.0,0.0,0.0,0.10592371872296683,0.0,0.0
224.0,0.023590849041551877,0.0,0.0,0.0,0.0,0.0,0.0,0.0,0.16666539429213165,0.0,0.0,0.07625570017104652,0.0,0.0,0.0,0.0,0.0,0.0,0.0,0.0,0.0
225.0,0.0,0.0,0.0,0.0,0.0,0.0,0.0,0.0,0.0,0.0,0.0,0.0,0.0,0.0,0.0,0.0,0.0,0.0,0.0,0.0,0.0
226.0,0.0,0.0,0.0,0.0,0.0,0.0,0.0,0.0,0.0,0.0,0.0,0.0,0.0,0.0,0.0,0.0,0.0,0.0,0.0,0.0,0.0
227.0,0.0,0.0,0.0,0.10600441903565766,0.0,0.0,0.0,0.0,0.0,0.0,0.0,0.08695764389185259,0.0,0.0,0.0,0.02002768079926497,0.0,0.0,0.0,0.0,0.0
228.0,0.0,0.0,0.0,0.0,0.0,0.0,0.0,0.0,0.0,0.0,0.0,0.0,0.0,0.0,0.0,0.0,0.0,0.0,0.0,0.0,0.0
229.0,0.0,0.0,0.0,0.0,0.0,0.0,0.0,0.0,0.0,0.0,0.0,0.0,0.0,0.08408085275809186,0.0,0.009962842237225095,0.0,0.0,0.0,0.0,0.0
230.0,0.0,0.0,0.0,0.0,0.0,0.0,0.0,0.0,0.0,0.0,0.0,0.0,0.0,0.0,0.0,0.0,0.0,0.0,0.0,0.0,0.0
231.0,0.0,0.0,0.03150789123628277,0.0,0.0,0.0,0.0,0.0,0.0,0.0,0.0,0.0,0.0,0.0,0.0,0.0,0.0,0.0,0.0,0.0,0.0
232.0,0.0,0.0,0.0,0.0,0.0,0.0,0.0,0.0,0.0,0.0,0.0,0.0,0.0,0.0,0.0,0.0,0.0,0.0,0.0,0.0,0.0
233.0,0.0,0.0,0.0,0.0,0.0,0.0,0.0,0.0,0.0,0.0,0.0,0.0,0.0,0.0,0.0,0.0,0.0,0.0,0.0,0.0,0.0
234.0,0.0,0.0,0.0,0.0,0.0,0.0,0.0,0.0,0.0,0.0,0.0,0.0,0.0,0.0,0.0,0.0,0.0,0.0,0.0,0.0,0.0
235.0,0.0,0.0,0.0,0.0,0.0,0.0,0.0,0.0,0.0,0.0,0.0,0.0,0.0,0.0,0.0,0.0,0.0,0.0,0.0,0.0,0.0
236.0,0.0,0.0,0.0,0.0,0.0,0.0,0.0,0.0,0.0,0.0,0.0,0.0,0.0,0.0,0.0,0.0,0.0,0.0,0.0,0.0,0.0
237.0,0.0,0.0,0.0,0.0,0.0,0.0,0.0,0.0,0.0,0.03935642037828326,0.0,0.0,0.0,0.0,0.0,0.0,0.0,0.0,0.0,0.0,0.0
238.0,0.0,0.0,0.0,0.0,0.0,0.0,0.0,0.0,0.0,0.0,0.0,0.0,0.0,0.0,0.0,0.08724013188992412,0.01283677888514402,0.0,0.0,0.0,0.0
239.0,0.0,0.0,0.0,0.0,0.0,0.0,0.0,0.0,0.0,0.0,0.0,0.0,0.0,0.0,0.0,0.0,0.0,0.0,0.0,0.0,0.0
240.0,0.0,0.0,0.0,0.0,0.0,0.0,0.0,0.0,0.0,0.0,0.0,0.0,0.0,0.0,0.0,0.0,0.0,0.0,0.0,0.0,0.0
241.0,0.0,0.0,0.0,0.0,0.0,0.0,0.0,0.0,0.0,0.0,0.0,0.0,0.0,0.0,0.0,0.0,0.0,0.0,0.0,0.0,0.0
242.0,0.0,0.0,0.0,0.10496499632750683,0.1978212380790485,0.1411213123613554,0.0,0.0,0.0,0.0,0.0,0.36707358300359016,0.0,0.0,0.0,0.0,0.0,0.0,0.0,0.10391129323724138,0.0
243.0,0.0,0.0,0.0,0.0,0.0,0.0,0.0,0.0,0.0,0.0,0.0,0.0,0.0,0.0,0.0,0.0,0.0,0.0,0.0,0.0,0.0
244.0,0.0,0.0,0.0,0.0,0.0,0.0,0.0,0.0,0.0,0.0,0.05904019142905628,0.0,0.0,0.0,0.0,0.0,0.0,0.0,0.0,0.0,0.0
245.0,0.0,0.0,0.0,0.0,0.0,0.0,0.0,0.0,0.0,0.0,0.0,0.0,0.0,0.0,0.0,0.0,0.0,0.0,0.0,0.0,0.0
246.0,0.0,0.0,0.0,0.0,0.0,0.0,0.0,0.0,0.0,0.0,0.0,0.0,0.0,0.0,0.0,0.0,0.0,0.0,0.0,0.0,0.0
247.0,0.0,0.0,0.0,0.0,0.0,0.0,0.0,0.0,0.0,0.0,0.0,0.0,0.0,0.0,0.0,0.0,0.0,0.0,0.0,0.0,0.0
248.0,0.0,0.0,0.0,0.0,0.0,0.0,0.0,0.0,0.0,0.0,0.0,0.0,0.0,0.0,0.0,0.0,0.0,0.0,0.0,0.0,0.0
249.0,0.0,0.0,0.0,0.0,0.0,0.0,0.0,0.0,0.0,0.0,0.0,0.0,0.0,0.0,0.0,0.0,0.0,0.0,0.0,0.0,0.0
250.0,0.0,0.0,0.0,0.0,0.0,0.0,0.0,0.0,0.0,0.0,0.0,0.0,0.0,0.0,0.0,0.0,0.0,0.0,0.0,0.0,0.0
251.0,0.0,0.0,0.0,0.0,0.0,0.0,0.0,0.0,0.0,0.0,0.0,0.0,0.0,0.0,0.0,0.0,0.0,0.0,0.0,0.0,0.0
252.0,0.0,0.0,0.0,0.0,0.0,0.0,0.0,0.0,0.0,0.0,0.0,0.0,0.0,0.0,0.0,0.0,0.0,0.0,0.0,0.0,0.0
253.0,0.0,0.0,0.0,0.0,0.0,0.0,0.0,0.0,0.0,0.0,0.0,0.0,0.0,0.0,0.0,0.0,0.0,0.020680512768721588,0.0,0.0,0.0
254.0,0.0,0.0,0.0,0.0,0.0,0.0,0.0,0.0,0.0,0.0,0.0,0.0,0.0,0.0,0.0,0.0,0.0,0.0,0.0,0.0,0.0
255.0,0.0,0.0,0.0,0.0,0.0,0.0,0.0,0.0,0.0,0.038473836761502705,0.0,0.0,0.0,0.10870522641865213,0.0,0.0,0.0,0.08009112630220967,0.0,0.0,0.0
256.0,0.30378613227923434,0.0,0.0,0.0,0.15973526225334972,0.0,0.0,0.0,0.0,0.0,0.0,0.0,0.0,0.0,0.0,0.0,0.0,0.0,0.7859981464933762,0.0,0.0
257.0,0.0,0.0,0.0,0.0,0.0,0.0,0.0,0.0,0.0,0.0,0.0,0.0,0.0,0.0,0.0,0.0,0.0,0.0,0.0,0.0,0.0
258.0,0.0,0.0,0.0,0.0,0.0,0.0,0.0,0.0,0.0,0.0,0.0,0.0,0.0,0.0,0.0,0.0,0.0,0.0,0.0,0.0,0.0
259.0,0.09811556553482625,0.0,0.0,0.0,0.0,0.0,0.0,0.0,0.0,0.0,0.0,0.0,0.0,0.2414881629029748,0.07847916614992245,0.0,0.0,0.0,0.0,0.0,0.0
260.0,0.0,0.0,0.0,0.0,0.0,0.0,0.0,0.0,0.0,0.0,0.0,0.0,0.0,0.0,0.0,0.0,0.0,0.0,0.0,0.0,0.0
261.0,0.0,0.0,0.0,0.0,0.0,0.0,0.0,0.0,0.0,0.11467877180584243,0.10165370115038169,0.0,0.0,0.0,0.0,0.1460697326370535,0.0,0.0,0.0,0.0,0.0
262.0,0.0,0.0,0.0,0.0,0.0,0.0,0.0,0.0,0.0,0.0,0.0,0.0,0.0,0.0,0.0,0.0,0.0,0.0,0.0,0.0,0.0
263.0,0.0,0.0,0.0,0.0,0.042099898741263415,0.0,0.26479483467645654,0.0,0.0,0.0,0.0,0.0,0.0,0.0,0.0,0.0,0.0,0.0,0.0,0.0,0.0
