,antibody,background,position,average_site_sum
0,ADI-77474,SI06,52.0,0.0
1,ADI-77474,SI06,53.0,0.0
2,ADI-77474,SI06,54.0,0.0
3,ADI-77474,SI06,55.0,0.0
4,ADI-77474,SI06,56.0,0.0
5,ADI-77474,SI06,57.0,0.0
6,ADI-77474,SI06,58.0,0.17068643443085046
7,ADI-77474,SI06,59.0,0.0
8,ADI-77474,SI06,60.0,0.0
9,ADI-77474,SI06,61.0,0.0
10,ADI-77474,SI06,62.0,0.0
11,ADI-77474,SI06,63.0,0.0
12,ADI-77474,SI06,64.0,0.0
13,ADI-77474,SI06,65.0,0.0
14,ADI-77474,SI06,66.0,0.0
15,ADI-77474,SI06,67.0,0.0
16,ADI-77474,SI06,68.0,0.0
17,ADI-77474,SI06,69.0,0.0
18,ADI-77474,SI06,70.0,0.0
19,ADI-77474,SI06,71.0,0.0
20,ADI-77474,SI06,72.0,0.0
21,ADI-77474,SI06,73.0,0.06952455095449359
22,ADI-77474,SI06,74.0,0.0
23,ADI-77474,SI06,75.0,0.0
24,ADI-77474,SI06,76.0,0.0
25,ADI-77474,SI06,77.0,0.0
26,ADI-77474,SI06,78.0,0.0
27,ADI-77474,SI06,79.0,0.0
28,ADI-77474,SI06,80.0,0.0
29,ADI-77474,SI06,81.0,0.0
30,ADI-77474,SI06,82.0,0.0
31,ADI-77474,SI06,83.0,0.0
32,ADI-77474,SI06,84.0,0.0
33,ADI-77474,SI06,85.0,0.0
34,ADI-77474,SI06,86.0,0.0
35,ADI-77474,SI06,87.0,0.0
36,ADI-77474,SI06,88.0,0.17711843470337474
37,ADI-77474,SI06,89.0,0.0
38,ADI-77474,SI06,90.0,0.0
39,ADI-77474,SI06,91.0,0.0
40,ADI-77474,SI06,92.0,0.1670369435811362
41,ADI-77474,SI06,93.0,0.10331503693036313
42,ADI-77474,SI06,94.0,0.0
43,ADI-77474,SI06,95.0,0.0
44,ADI-77474,SI06,96.0,0.0
45,ADI-77474,SI06,97.0,0.0
46,ADI-77474,SI06,98.0,0.0
47,ADI-77474,SI06,99.0,0.0
48,ADI-77474,SI06,100.0,0.0
49,ADI-77474,SI06,101.0,0.0
50,ADI-77474,SI06,102.0,0.0
51,ADI-77474,SI06,103.0,0.0
52,ADI-77474,SI06,104.0,0.0
53,ADI-77474,SI06,105.0,0.0
54,ADI-77474,SI06,106.0,0.1467423635244673
55,ADI-77474,SI06,107.0,0.0
56,ADI-77474,SI06,108.0,0.0
57,ADI-77474,SI06,109.0,0.0
58,ADI-77474,SI06,110.0,0.0
59,ADI-77474,SI06,111.0,0.2515625413764342
60,ADI-77474,SI06,112.0,0.0
61,ADI-77474,SI06,113.0,0.0
62,ADI-77474,SI06,114.0,0.0
63,ADI-77474,SI06,115.0,0.0
64,ADI-77474,SI06,116.0,0.0
65,ADI-77474,SI06,117.0,0.0
66,ADI-77474,SI06,118.0,0.0
67,ADI-77474,SI06,119.0,2.1528883361454763
68,ADI-77474,SI06,120.0,0.0
69,ADI-77474,SI06,121.0,0.0
70,ADI-77474,SI06,122.0,8.090498061175861
71,ADI-77474,SI06,123.0,0.0
72,ADI-77474,SI06,124.0,0.0
73,ADI-77474,SI06,125.0,0.6331107732368189
74,ADI-77474,SI06,126.0,0.0
75,ADI-77474,SI06,127.0,0.0
76,ADI-77474,SI06,128.0,0.23713494945770414
77,ADI-77474,SI06,129.0,0.0
78,ADI-77474,SI06,130.0,0.0
79,ADI-77474,SI06,131.0,0.0
80,ADI-77474,SI06,132.0,0.0
81,ADI-77474,SI06,133.0,0.0
82,ADI-77474,SI06,134.0,0.0
83,ADI-77474,SI06,135.0,0.0
84,ADI-77474,SI06,136.0,0.0
85,ADI-77474,SI06,137.0,0.0
86,ADI-77474,SI06,138.0,0.0
87,ADI-77474,SI06,139.0,0.0
88,ADI-77474,SI06,140.0,0.0
89,ADI-77474,SI06,141.0,0.0
90,ADI-77474,SI06,142.0,0.0
91,ADI-77474,SI06,143.0,0.0
92,ADI-77474,SI06,144.0,0.0
93,ADI-77474,SI06,145.0,0.0
94,ADI-77474,SI06,146.0,0.0
95,ADI-77474,SI06,147.0,0.0
96,ADI-77474,SI06,148.0,0.0
97,ADI-77474,SI06,149.0,0.22462538391553255
98,ADI-77474,SI06,150.0,0.0
99,ADI-77474,SI06,151.0,0.0
100,ADI-77474,SI06,152.0,0.0
101,ADI-77474,SI06,153.0,0.0
102,ADI-77474,SI06,154.0,0.0
103,ADI-77474,SI06,155.0,0.0
104,ADI-77474,SI06,156.0,0.0
105,ADI-77474,SI06,157.0,0.26021507764060875
106,ADI-77474,SI06,158.0,0.0
107,ADI-77474,SI06,159.0,0.0
108,ADI-77474,SI06,160.0,0.0
109,ADI-77474,SI06,161.0,0.0
110,ADI-77474,SI06,162.0,0.19123980249488273
111,ADI-77474,SI06,163.0,0.0
112,ADI-77474,SI06,164.0,0.29718873263892
113,ADI-77474,SI06,165.0,0.0
114,ADI-77474,SI06,166.0,0.0
115,ADI-77474,SI06,167.0,0.0
116,ADI-77474,SI06,168.0,0.0
117,ADI-77474,SI06,169.0,0.0
118,ADI-77474,SI06,170.0,0.0
119,ADI-77474,SI06,171.0,0.0
120,ADI-77474,SI06,172.0,0.0
121,ADI-77474,SI06,173.0,0.6314001264057237
122,ADI-77474,SI06,174.0,0.0
123,ADI-77474,SI06,175.0,0.0
124,ADI-77474,SI06,176.0,0.0
125,ADI-77474,SI06,177.0,0.0
126,ADI-77474,SI06,178.0,0.0
127,ADI-77474,SI06,179.0,0.0
128,ADI-77474,SI06,180.0,0.0
129,ADI-77474,SI06,181.0,0.0
130,ADI-77474,SI06,182.0,0.0
131,ADI-77474,SI06,183.0,0.0
132,ADI-77474,SI06,184.0,0.0
133,ADI-77474,SI06,185.0,0.0
134,ADI-77474,SI06,186.0,0.0
135,ADI-77474,SI06,187.0,0.0
136,ADI-77474,SI06,188.0,0.0
137,ADI-77474,SI06,189.0,0.11166568908171134
138,ADI-77474,SI06,190.0,0.0
139,ADI-77474,SI06,191.0,0.0
140,ADI-77474,SI06,192.0,0.0
141,ADI-77474,SI06,193.0,0.0
142,ADI-77474,SI06,194.0,0.0
143,ADI-77474,SI06,195.0,0.0
144,ADI-77474,SI06,196.0,0.0
145,ADI-77474,SI06,197.0,0.0
146,ADI-77474,SI06,198.0,0.0
147,ADI-77474,SI06,199.0,0.0
148,ADI-77474,SI06,200.0,0.0
149,ADI-77474,SI06,201.0,0.2128860910309804
150,ADI-77474,SI06,202.0,0.0
151,ADI-77474,SI06,203.0,0.0
152,ADI-77474,SI06,204.0,0.0
153,ADI-77474,SI06,205.0,0.0
154,ADI-77474,SI06,206.0,0.0
155,ADI-77474,SI06,207.0,0.0
156,ADI-77474,SI06,208.0,0.0
157,ADI-77474,SI06,209.0,0.0
158,ADI-77474,SI06,210.0,0.18539508619834896
159,ADI-77474,SI06,211.0,0.23611845187458777
160,ADI-77474,SI06,212.0,0.0
161,ADI-77474,SI06,213.0,0.0
162,ADI-77474,SI06,214.0,0.0
163,ADI-77474,SI06,215.0,0.0
164,ADI-77474,SI06,216.0,0.0
165,ADI-77474,SI06,217.0,0.10480654142947061
166,ADI-77474,SI06,218.0,0.0
167,ADI-77474,SI06,219.0,0.0
168,ADI-77474,SI06,220.0,0.0
169,ADI-77474,SI06,221.0,0.0
170,ADI-77474,SI06,222.0,0.0
171,ADI-77474,SI06,223.0,0.0
172,ADI-77474,SI06,224.0,0.0
173,ADI-77474,SI06,225.0,0.0
174,ADI-77474,SI06,226.0,0.0
175,ADI-77474,SI06,227.0,0.22936056533459634
176,ADI-77474,SI06,228.0,0.0
177,ADI-77474,SI06,229.0,0.0
178,ADI-77474,SI06,230.0,0.0
179,ADI-77474,SI06,231.0,0.0
180,ADI-77474,SI06,232.0,0.0620443534559033
181,ADI-77474,SI06,233.0,0.07941757237959512
182,ADI-77474,SI06,234.0,0.0
183,ADI-77474,SI06,235.0,0.0
184,ADI-77474,SI06,236.0,0.0
185,ADI-77474,SI06,237.0,0.0
186,ADI-77474,SI06,238.0,0.0
187,ADI-77474,SI06,239.0,0.0
188,ADI-77474,SI06,240.0,0.0
189,ADI-77474,SI06,241.0,0.0
190,ADI-77474,SI06,242.0,0.0
191,ADI-77474,SI06,243.0,0.0
192,ADI-77474,SI06,244.0,0.048242683818438284
193,ADI-77474,SI06,245.0,0.0
194,ADI-77474,SI06,246.0,0.0
195,ADI-77474,SI06,247.0,0.0
196,ADI-77474,SI06,248.0,0.0
197,ADI-77474,SI06,249.0,0.0
198,ADI-77474,SI06,250.0,0.0
199,ADI-77474,SI06,251.0,0.0
200,ADI-77474,SI06,252.0,0.0
201,ADI-77474,SI06,253.0,0.0
202,ADI-77474,SI06,254.0,0.0
203,ADI-77474,SI06,255.0,0.27203976158117993
204,ADI-77474,SI06,256.0,0.0
205,ADI-77474,SI06,257.0,0.0
206,ADI-77474,SI06,258.0,0.0
207,ADI-77474,SI06,259.0,0.0
208,ADI-77474,SI06,260.0,0.0
209,ADI-77474,SI06,261.0,0.0
210,ADI-77474,SI06,262.0,0.0
211,ADI-77474,SI06,263.0,0.0
212,ADI-77474,SI06,133.5,0.0
